Zone_1,33.86213302184837,10.117187254289096,358,High
Zone_2,33.86082967546258,10.110015835262706,410,High
Zone_3,33.89017891902721,10.11410605784389,405,High
Zone_4,33.89833925783393,10.118241439011321,307,High
Zone_5,33.881345713554055,10.08656602059534,386,High
Zone_6,33.880463732934835,10.104259913554241,428,High
Zone_7,33.861945797928286,10.09354501795553,343,High
Zone_8,33.87174601755222,10.091644988624248,370,High
Zone_9,33.890769303213304,10.097141818109376,416,High
Zone_10,33.87214373221282,10.112058495524735,265,Medium
Zone_1,33.86213302184837,10.117187254289096,289,Medium
Zone_2,33.86082967546258,10.110015835262706,332,High
Zone_3,33.89017891902721,10.11410605784389,209,Medium
Zone_4,33.89833925783393,10.118241439011321,205,Medium
Zone_5,33.881345713554055,10.08656602059534,268,Medium
Zone_6,33.880463732934835,10.104259913554241,230,Medium
Zone_7,33.861945797928286,10.09354501795553,313,High
Zone_8,33.87174601755222,10.091644988624248,330,High
Zone_9,33.890769303213304,10.097141818109376,204,Medium
Zone_10,33.87214373221282,10.112058495524735,229,Medium
Zone_1,33.86213302184837,10.117187254289096,274,Medium
Zone_2,33.86082967546258,10.110015835262706,315,High
Zone_3,33.89017891902721,10.11410605784389,294,Medium
Zone_4,33.89833925783393,10.118241439011321,262,Medium
Zone_5,33.881345713554055,10.08656602059534,240,Medium
Zone_6,33.880463732934835,10.104259913554241,156,Medium
Zone_7,33.861945797928286,10.09354501795553,302,High
Zone_8,33.87174601755222,10.091644988624248,241,Medium
Zone_9,33.890769303213304,10.097141818109376,217,Medium
Zone_10,33.87214373221282,10.112058495524735,230,Medium
Zone_1,33.866445947405,10.101655781610921,318,High
Zone_2,33.89458685299353,10.109119787467455,320,High
Zone_3,33.87944735609787,10.107328114418431,302,High
Zone_4,33.86511363354166,10.104864816037212,395,High
Zone_5,33.86482630203699,10.100230770825839,329,High
Zone_6,33.87449586719455,10.088036832545471,319,High
Zone_7,33.88634775076006,10.102649271758182,469,High
Zone_8,33.865061194567524,10.109169261205839,301,High
Zone_9,33.86706163884548,10.09888790222362,382,High
Zone_10,33.89792121892677,10.116989703089578,485,High
Zone_1,33.866445947405,10.101655781610921,380,High
Zone_2,33.89458685299353,10.109119787467455,466,High
Zone_3,33.87944735609787,10.107328114418431,378,High
Zone_4,33.86511363354166,10.104864816037212,361,High
Zone_5,33.86482630203699,10.100230770825839,352,High
Zone_6,33.87449586719455,10.088036832545471,333,High
Zone_7,33.88634775076006,10.102649271758182,357,High
Zone_8,33.865061194567524,10.109169261205839,390,High
Zone_9,33.86706163884548,10.09888790222362,492,High
Zone_10,33.89792121892677,10.116989703089578,433,High
Zone_1,33.866445947405,10.101655781610921,412,High
Zone_2,33.89458685299353,10.109119787467455,450,High
Zone_3,33.87944735609787,10.107328114418431,364,High
Zone_4,33.86511363354166,10.104864816037212,306,High
Zone_5,33.86482630203699,10.100230770825839,498,High
Zone_6,33.87449586719455,10.088036832545471,454,High
Zone_7,33.88634775076006,10.102649271758182,396,High
Zone_8,33.865061194567524,10.109169261205839,425,High
Zone_9,33.86706163884548,10.09888790222362,397,High
Zone_10,33.89792121892677,10.116989703089578,476,High
Zone_1,33.866445947405,10.101655781610921,377,High
Zone_2,33.89458685299353,10.109119787467455,304,High
Zone_3,33.87944735609787,10.107328114418431,325,High
Zone_4,33.86511363354166,10.104864816037212,317,High
Zone_5,33.86482630203699,10.100230770825839,362,High
Zone_6,33.87449586719455,10.088036832545471,306,High
Zone_7,33.88634775076006,10.102649271758182,314,High
Zone_8,33.865061194567524,10.109169261205839,375,High
Zone_9,33.86706163884548,10.09888790222362,485,High
Zone_10,33.89792121892677,10.116989703089578,470,High
Zone_1,33.866445947405,10.101655781610921,422,High
Zone_2,33.89458685299353,10.109119787467455,372,High
Zone_3,33.87944735609787,10.107328114418431,406,High
Zone_4,33.86511363354166,10.104864816037212,497,High
Zone_5,33.86482630203699,10.100230770825839,313,High
Zone_6,33.87449586719455,10.088036832545471,324,High
Zone_7,33.88634775076006,10.102649271758182,384,High
Zone_8,33.865061194567524,10.109169261205839,431,High
Zone_9,33.86706163884548,10.09888790222362,354,High
Zone_10,33.89792121892677,10.116989703089578,336,High
Zone_1,33.866445947405,10.101655781610921,416,High
Zone_2,33.89458685299353,10.109119787467455,321,High
Zone_3,33.87944735609787,10.107328114418431,303,High
Zone_4,33.86511363354166,10.104864816037212,418,High
Zone_5,33.86482630203699,10.100230770825839,417,High
Zone_6,33.87449586719455,10.088036832545471,412,High
Zone_7,33.88634775076006,10.102649271758182,349,High
Zone_8,33.865061194567524,10.109169261205839,371,High
Zone_9,33.86706163884548,10.09888790222362,363,High
Zone_10,33.89792121892677,10.116989703089578,446,High
Zone_1,33.866445947405,10.101655781610921,451,High
Zone_2,33.89458685299353,10.109119787467455,448,High
Zone_3,33.87944735609787,10.107328114418431,445,High
Zone_4,33.86511363354166,10.104864816037212,349,High
Zone_5,33.86482630203699,10.100230770825839,311,High
Zone_6,33.87449586719455,10.088036832545471,420,High
Zone_7,33.88634775076006,10.102649271758182,496,High
Zone_8,33.865061194567524,10.109169261205839,318,High
Zone_9,33.86706163884548,10.09888790222362,444,High
Zone_10,33.89792121892677,10.116989703089578,307,High
Zone_1,33.866445947405,10.101655781610921,499,High
Zone_2,33.89458685299353,10.109119787467455,398,High
Zone_3,33.87944735609787,10.107328114418431,406,High
Zone_4,33.86511363354166,10.104864816037212,371,High
Zone_5,33.86482630203699,10.100230770825839,403,High
Zone_6,33.87449586719455,10.088036832545471,484,High
Zone_7,33.88634775076006,10.102649271758182,381,High
Zone_8,33.865061194567524,10.109169261205839,326,High
Zone_9,33.86706163884548,10.09888790222362,442,High
Zone_10,33.89792121892677,10.116989703089578,327,High
Zone_1,33.866445947405,10.101655781610921,421,High
Zone_2,33.89458685299353,10.109119787467455,409,High
Zone_3,33.87944735609787,10.107328114418431,400,High
Zone_4,33.86511363354166,10.104864816037212,337,High
Zone_5,33.86482630203699,10.100230770825839,327,High
Zone_6,33.87449586719455,10.088036832545471,405,High
Zone_7,33.88634775076006,10.102649271758182,497,High
Zone_8,33.865061194567524,10.109169261205839,427,High
Zone_9,33.86706163884548,10.09888790222362,407,High
Zone_10,33.89792121892677,10.116989703089578,495,High
Zone_1,33.866445947405,10.101655781610921,455,High
Zone_2,33.89458685299353,10.109119787467455,347,High
Zone_3,33.87944735609787,10.107328114418431,489,High
Zone_4,33.86511363354166,10.104864816037212,465,High
Zone_5,33.86482630203699,10.100230770825839,303,High
Zone_6,33.87449586719455,10.088036832545471,439,High
Zone_7,33.88634775076006,10.102649271758182,467,High
Zone_8,33.865061194567524,10.109169261205839,369,High
Zone_9,33.86706163884548,10.09888790222362,443,High
Zone_10,33.89792121892677,10.116989703089578,487,High
Zone_1,33.866445947405,10.101655781610921,475,High
Zone_2,33.89458685299353,10.109119787467455,332,High
Zone_3,33.87944735609787,10.107328114418431,424,High
Zone_4,33.86511363354166,10.104864816037212,378,High
Zone_5,33.86482630203699,10.100230770825839,314,High
Zone_6,33.87449586719455,10.088036832545471,482,High
Zone_7,33.88634775076006,10.102649271758182,491,High
Zone_8,33.865061194567524,10.109169261205839,489,High
Zone_9,33.86706163884548,10.09888790222362,319,High
Zone_10,33.89792121892677,10.116989703089578,412,High
Zone_1,33.866445947405,10.101655781610921,419,High
Zone_2,33.89458685299353,10.109119787467455,498,High
Zone_3,33.87944735609787,10.107328114418431,483,High
Zone_4,33.86511363354166,10.104864816037212,452,High
Zone_5,33.86482630203699,10.100230770825839,350,High
Zone_6,33.87449586719455,10.088036832545471,341,High
Zone_7,33.88634775076006,10.102649271758182,496,High
Zone_8,33.865061194567524,10.109169261205839,493,High
Zone_9,33.86706163884548,10.09888790222362,312,High
Zone_10,33.89792121892677,10.116989703089578,348,High
Zone_1,33.866445947405,10.101655781610921,448,High
Zone_2,33.89458685299353,10.109119787467455,486,High
Zone_3,33.87944735609787,10.107328114418431,458,High
Zone_4,33.86511363354166,10.104864816037212,481,High
Zone_5,33.86482630203699,10.100230770825839,374,High
Zone_6,33.87449586719455,10.088036832545471,426,High
Zone_7,33.88634775076006,10.102649271758182,335,High
Zone_8,33.865061194567524,10.109169261205839,397,High
Zone_9,33.86706163884548,10.09888790222362,398,High
Zone_10,33.89792121892677,10.116989703089578,413,High
Zone_1,33.866445947405,10.101655781610921,453,High
Zone_2,33.89458685299353,10.109119787467455,423,High
Zone_3,33.87944735609787,10.107328114418431,317,High
Zone_4,33.86511363354166,10.104864816037212,449,High
Zone_5,33.86482630203699,10.100230770825839,381,High
Zone_6,33.87449586719455,10.088036832545471,438,High
Zone_7,33.88634775076006,10.102649271758182,325,High
Zone_8,33.865061194567524,10.109169261205839,438,High
Zone_9,33.86706163884548,10.09888790222362,325,High
Zone_10,33.89792121892677,10.116989703089578,343,High
Zone_1,33.866445947405,10.101655781610921,425,High
Zone_2,33.89458685299353,10.109119787467455,442,High
Zone_3,33.87944735609787,10.107328114418431,383,High
Zone_4,33.86511363354166,10.104864816037212,423,High
Zone_5,33.86482630203699,10.100230770825839,395,High
Zone_6,33.87449586719455,10.088036832545471,334,High
Zone_7,33.88634775076006,10.102649271758182,434,High
Zone_8,33.865061194567524,10.109169261205839,333,High
Zone_9,33.86706163884548,10.09888790222362,447,High
Zone_10,33.89792121892677,10.116989703089578,316,High
Zone_1,33.866445947405,10.101655781610921,485,High
Zone_2,33.89458685299353,10.109119787467455,381,High
Zone_3,33.87944735609787,10.107328114418431,443,High
Zone_4,33.86511363354166,10.104864816037212,433,High
Zone_5,33.86482630203699,10.100230770825839,475,High
Zone_6,33.87449586719455,10.088036832545471,386,High
Zone_7,33.88634775076006,10.102649271758182,312,High
Zone_8,33.865061194567524,10.109169261205839,407,High
Zone_9,33.86706163884548,10.09888790222362,412,High
Zone_10,33.89792121892677,10.116989703089578,378,High
Zone_1,33.866445947405,10.101655781610921,387,High
Zone_2,33.89458685299353,10.109119787467455,366,High
Zone_3,33.87944735609787,10.107328114418431,332,High
Zone_4,33.86511363354166,10.104864816037212,498,High
Zone_5,33.86482630203699,10.100230770825839,374,High
Zone_6,33.87449586719455,10.088036832545471,496,High
Zone_7,33.88634775076006,10.102649271758182,379,High
Zone_8,33.865061194567524,10.109169261205839,310,High
Zone_9,33.86706163884548,10.09888790222362,465,High
Zone_10,33.89792121892677,10.116989703089578,309,High
Zone_1,33.866445947405,10.101655781610921,317,High
Zone_2,33.89458685299353,10.109119787467455,395,High
Zone_3,33.87944735609787,10.107328114418431,456,High
Zone_4,33.86511363354166,10.104864816037212,430,High
Zone_5,33.86482630203699,10.100230770825839,387,High
Zone_6,33.87449586719455,10.088036832545471,329,High
Zone_7,33.88634775076006,10.102649271758182,333,High
Zone_8,33.865061194567524,10.109169261205839,326,High
Zone_9,33.86706163884548,10.09888790222362,420,High
Zone_10,33.89792121892677,10.116989703089578,322,High
Zone_1,33.866445947405,10.101655781610921,453,High
Zone_2,33.89458685299353,10.109119787467455,412,High
Zone_3,33.87944735609787,10.107328114418431,330,High
Zone_4,33.86511363354166,10.104864816037212,317,High
Zone_5,33.86482630203699,10.100230770825839,377,High
Zone_6,33.87449586719455,10.088036832545471,460,High
Zone_7,33.88634775076006,10.102649271758182,467,High
Zone_8,33.865061194567524,10.109169261205839,472,High
Zone_9,33.86706163884548,10.09888790222362,490,High
Zone_10,33.89792121892677,10.116989703089578,306,High
Zone_1,33.866445947405,10.101655781610921,352,High
Zone_2,33.89458685299353,10.109119787467455,323,High
Zone_3,33.87944735609787,10.107328114418431,467,High
Zone_4,33.86511363354166,10.104864816037212,410,High
Zone_5,33.86482630203699,10.100230770825839,339,High
Zone_6,33.87449586719455,10.088036832545471,376,High
Zone_7,33.88634775076006,10.102649271758182,482,High
Zone_8,33.865061194567524,10.109169261205839,382,High
Zone_9,33.86706163884548,10.09888790222362,419,High
Zone_10,33.89792121892677,10.116989703089578,324,High
Zone_1,33.866445947405,10.101655781610921,370,High
Zone_2,33.89458685299353,10.109119787467455,304,High
Zone_3,33.87944735609787,10.107328114418431,385,High
Zone_4,33.86511363354166,10.104864816037212,299,Medium
Zone_5,33.86482630203699,10.100230770825839,367,High
Zone_6,33.87449586719455,10.088036832545471,388,High
Zone_7,33.88634775076006,10.102649271758182,498,High
Zone_8,33.865061194567524,10.109169261205839,427,High
Zone_9,33.86706163884548,10.09888790222362,461,High
Zone_10,33.89792121892677,10.116989703089578,481,High
Zone_1,33.866445947405,10.101655781610921,364,High
Zone_2,33.89458685299353,10.109119787467455,362,High
Zone_3,33.87944735609787,10.107328114418431,405,High
Zone_4,33.86511363354166,10.104864816037212,362,High
Zone_5,33.86482630203699,10.100230770825839,361,High
Zone_6,33.87449586719455,10.088036832545471,373,High
Zone_7,33.88634775076006,10.102649271758182,374,High
Zone_8,33.865061194567524,10.109169261205839,402,High
Zone_9,33.86706163884548,10.09888790222362,304,High
Zone_10,33.89792121892677,10.116989703089578,487,High
Zone_1,33.866445947405,10.101655781610921,379,High
Zone_2,33.89458685299353,10.109119787467455,376,High
Zone_3,33.87944735609787,10.107328114418431,356,High
Zone_4,33.86511363354166,10.104864816037212,379,High
Zone_5,33.86482630203699,10.100230770825839,408,High
Zone_6,33.87449586719455,10.088036832545471,346,High
Zone_7,33.88634775076006,10.102649271758182,398,High
Zone_8,33.865061194567524,10.109169261205839,333,High
Zone_9,33.86706163884548,10.09888790222362,343,High
Zone_10,33.89792121892677,10.116989703089578,482,High
Zone_1,33.866445947405,10.101655781610921,495,High
Zone_2,33.89458685299353,10.109119787467455,309,High
Zone_3,33.87944735609787,10.107328114418431,346,High
Zone_4,33.86511363354166,10.104864816037212,359,High
Zone_5,33.86482630203699,10.100230770825839,434,High
Zone_6,33.87449586719455,10.088036832545471,494,High
Zone_7,33.88634775076006,10.102649271758182,348,High
Zone_8,33.865061194567524,10.109169261205839,315,High
Zone_9,33.86706163884548,10.09888790222362,338,High
Zone_10,33.89792121892677,10.116989703089578,418,High
Zone_1,33.866445947405,10.101655781610921,454,High
Zone_2,33.89458685299353,10.109119787467455,457,High
Zone_3,33.87944735609787,10.107328114418431,490,High
Zone_4,33.86511363354166,10.104864816037212,384,High
Zone_5,33.86482630203699,10.100230770825839,451,High
Zone_6,33.87449586719455,10.088036832545471,435,High
Zone_7,33.88634775076006,10.102649271758182,376,High
Zone_8,33.865061194567524,10.109169261205839,326,High
Zone_9,33.86706163884548,10.09888790222362,366,High
Zone_10,33.89792121892677,10.116989703089578,424,High
Zone_1,33.866445947405,10.101655781610921,329,High
Zone_2,33.89458685299353,10.109119787467455,408,High
Zone_3,33.87944735609787,10.107328114418431,428,High
Zone_4,33.86511363354166,10.104864816037212,491,High
Zone_5,33.86482630203699,10.100230770825839,403,High
Zone_6,33.87449586719455,10.088036832545471,420,High
Zone_7,33.88634775076006,10.102649271758182,331,High
Zone_8,33.865061194567524,10.109169261205839,478,High
Zone_9,33.86706163884548,10.09888790222362,461,High
Zone_10,33.89792121892677,10.116989703089578,366,High
Zone_1,33.866445947405,10.101655781610921,405,High
Zone_2,33.89458685299353,10.109119787467455,452,High
Zone_3,33.87944735609787,10.107328114418431,314,High
Zone_4,33.86511363354166,10.104864816037212,330,High
Zone_5,33.86482630203699,10.100230770825839,299,Medium
Zone_6,33.87449586719455,10.088036832545471,432,High
Zone_7,33.88634775076006,10.102649271758182,437,High
Zone_8,33.865061194567524,10.109169261205839,364,High
Zone_9,33.86706163884548,10.09888790222362,490,High
Zone_10,33.89792121892677,10.116989703089578,480,High
Zone_1,33.866445947405,10.101655781610921,320,High
Zone_2,33.89458685299353,10.109119787467455,317,High
Zone_3,33.87944735609787,10.107328114418431,420,High
Zone_4,33.86511363354166,10.104864816037212,457,High
Zone_5,33.86482630203699,10.100230770825839,314,High
Zone_6,33.87449586719455,10.088036832545471,345,High
Zone_7,33.88634775076006,10.102649271758182,387,High
Zone_8,33.865061194567524,10.109169261205839,315,High
Zone_9,33.86706163884548,10.09888790222362,413,High
Zone_10,33.89792121892677,10.116989703089578,377,High
Zone_1,33.866445947405,10.101655781610921,408,High
Zone_2,33.89458685299353,10.109119787467455,401,High
Zone_3,33.87944735609787,10.107328114418431,493,High
Zone_4,33.86511363354166,10.104864816037212,334,High
Zone_5,33.86482630203699,10.100230770825839,353,High
Zone_6,33.87449586719455,10.088036832545471,441,High
Zone_7,33.88634775076006,10.102649271758182,316,High
Zone_8,33.865061194567524,10.109169261205839,437,High
Zone_9,33.86706163884548,10.09888790222362,429,High
Zone_10,33.89792121892677,10.116989703089578,406,High
Zone_1,33.866445947405,10.101655781610921,307,High
Zone_2,33.89458685299353,10.109119787467455,330,High
Zone_3,33.87944735609787,10.107328114418431,313,High
Zone_4,33.86511363354166,10.104864816037212,442,High
Zone_5,33.86482630203699,10.100230770825839,344,High
Zone_6,33.87449586719455,10.088036832545471,415,High
Zone_7,33.88634775076006,10.102649271758182,362,High
Zone_8,33.865061194567524,10.109169261205839,434,High
Zone_9,33.86706163884548,10.09888790222362,417,High
Zone_10,33.89792121892677,10.116989703089578,343,High
Zone_1,33.866445947405,10.101655781610921,479,High
Zone_2,33.89458685299353,10.109119787467455,377,High
Zone_3,33.87944735609787,10.107328114418431,416,High
Zone_4,33.86511363354166,10.104864816037212,459,High
Zone_5,33.86482630203699,10.100230770825839,373,High
Zone_6,33.87449586719455,10.088036832545471,498,High
Zone_7,33.88634775076006,10.102649271758182,449,High
Zone_8,33.865061194567524,10.109169261205839,465,High
Zone_9,33.86706163884548,10.09888790222362,443,High
Zone_10,33.89792121892677,10.116989703089578,490,High
Zone_1,33.866445947405,10.101655781610921,391,High
Zone_2,33.89458685299353,10.109119787467455,335,High
Zone_3,33.87944735609787,10.107328114418431,455,High
Zone_4,33.86511363354166,10.104864816037212,366,High
Zone_5,33.86482630203699,10.100230770825839,341,High
Zone_6,33.87449586719455,10.088036832545471,397,High
Zone_7,33.88634775076006,10.102649271758182,351,High
Zone_8,33.865061194567524,10.109169261205839,444,High
Zone_9,33.86706163884548,10.09888790222362,379,High
Zone_10,33.89792121892677,10.116989703089578,320,High
Zone_1,33.866445947405,10.101655781610921,399,High
Zone_2,33.89458685299353,10.109119787467455,341,High
Zone_3,33.87944735609787,10.107328114418431,305,High
Zone_4,33.86511363354166,10.104864816037212,433,High
Zone_5,33.86482630203699,10.100230770825839,301,High
Zone_6,33.87449586719455,10.088036832545471,322,High
Zone_7,33.88634775076006,10.102649271758182,417,High
Zone_8,33.865061194567524,10.109169261205839,382,High
Zone_9,33.86706163884548,10.09888790222362,413,High
Zone_10,33.89792121892677,10.116989703089578,447,High
Zone_1,33.866445947405,10.101655781610921,437,High
Zone_2,33.89458685299353,10.109119787467455,405,High
Zone_3,33.87944735609787,10.107328114418431,393,High
Zone_4,33.86511363354166,10.104864816037212,400,High
Zone_5,33.86482630203699,10.100230770825839,465,High
Zone_6,33.87449586719455,10.088036832545471,328,High
Zone_7,33.88634775076006,10.102649271758182,449,High
Zone_8,33.865061194567524,10.109169261205839,471,High
Zone_9,33.86706163884548,10.09888790222362,471,High
Zone_10,33.89792121892677,10.116989703089578,330,High
Zone_1,33.866445947405,10.101655781610921,433,High
Zone_2,33.89458685299353,10.109119787467455,462,High
Zone_3,33.87944735609787,10.107328114418431,322,High
Zone_4,33.86511363354166,10.104864816037212,475,High
Zone_5,33.86482630203699,10.100230770825839,460,High
Zone_6,33.87449586719455,10.088036832545471,385,High
Zone_7,33.88634775076006,10.102649271758182,372,High
Zone_8,33.865061194567524,10.109169261205839,310,High
Zone_9,33.86706163884548,10.09888790222362,359,High
Zone_10,33.89792121892677,10.116989703089578,465,High
Zone_1,33.866445947405,10.101655781610921,348,High
Zone_2,33.89458685299353,10.109119787467455,466,High
Zone_3,33.87944735609787,10.107328114418431,427,High
Zone_4,33.86511363354166,10.104864816037212,362,High
Zone_5,33.86482630203699,10.100230770825839,330,High
Zone_6,33.87449586719455,10.088036832545471,373,High
Zone_7,33.88634775076006,10.102649271758182,449,High
Zone_8,33.865061194567524,10.109169261205839,371,High
Zone_9,33.86706163884548,10.09888790222362,368,High
Zone_10,33.89792121892677,10.116989703089578,305,High
Zone_1,33.866445947405,10.101655781610921,481,High
Zone_2,33.89458685299353,10.109119787467455,398,High
Zone_3,33.87944735609787,10.107328114418431,463,High
Zone_4,33.86511363354166,10.104864816037212,307,High
Zone_5,33.86482630203699,10.100230770825839,444,High
Zone_6,33.87449586719455,10.088036832545471,325,High
Zone_7,33.88634775076006,10.102649271758182,354,High
Zone_8,33.865061194567524,10.109169261205839,477,High
Zone_9,33.86706163884548,10.09888790222362,357,High
Zone_10,33.89792121892677,10.116989703089578,308,High
Zone_1,33.866445947405,10.101655781610921,350,High
Zone_2,33.89458685299353,10.109119787467455,339,High
Zone_3,33.87944735609787,10.107328114418431,427,High
Zone_4,33.86511363354166,10.104864816037212,392,High
Zone_5,33.86482630203699,10.100230770825839,473,High
Zone_6,33.87449586719455,10.088036832545471,448,High
Zone_7,33.88634775076006,10.102649271758182,497,High
Zone_8,33.865061194567524,10.109169261205839,312,High
Zone_9,33.86706163884548,10.09888790222362,498,High
Zone_10,33.89792121892677,10.116989703089578,492,High
Zone_1,33.866445947405,10.101655781610921,341,High
Zone_2,33.89458685299353,10.109119787467455,488,High
Zone_3,33.87944735609787,10.107328114418431,411,High
Zone_4,33.86511363354166,10.104864816037212,349,High
Zone_5,33.86482630203699,10.100230770825839,342,High
Zone_6,33.87449586719455,10.088036832545471,432,High
Zone_7,33.88634775076006,10.102649271758182,446,High
Zone_8,33.865061194567524,10.109169261205839,391,High
Zone_9,33.86706163884548,10.09888790222362,499,High
Zone_10,33.89792121892677,10.116989703089578,438,High
Zone_1,33.866445947405,10.101655781610921,409,High
Zone_2,33.89458685299353,10.109119787467455,303,High
Zone_3,33.87944735609787,10.107328114418431,475,High
Zone_4,33.86511363354166,10.104864816037212,305,High
Zone_5,33.86482630203699,10.100230770825839,440,High
Zone_6,33.87449586719455,10.088036832545471,484,High
Zone_7,33.88634775076006,10.102649271758182,426,High
Zone_8,33.865061194567524,10.109169261205839,310,High
Zone_9,33.86706163884548,10.09888790222362,366,High
Zone_10,33.89792121892677,10.116989703089578,308,High
Zone_1,33.866445947405,10.101655781610921,467,High
Zone_2,33.89458685299353,10.109119787467455,463,High
Zone_3,33.87944735609787,10.107328114418431,437,High
Zone_4,33.86511363354166,10.104864816037212,452,High
Zone_5,33.86482630203699,10.100230770825839,326,High
Zone_6,33.87449586719455,10.088036832545471,392,High
Zone_7,33.88634775076006,10.102649271758182,325,High
Zone_8,33.865061194567524,10.109169261205839,398,High
Zone_9,33.86706163884548,10.09888790222362,422,High
Zone_10,33.89792121892677,10.116989703089578,409,High
Zone_1,33.866445947405,10.101655781610921,312,High
Zone_2,33.89458685299353,10.109119787467455,372,High
Zone_3,33.87944735609787,10.107328114418431,477,High
Zone_4,33.86511363354166,10.104864816037212,439,High
Zone_5,33.86482630203699,10.100230770825839,479,High
Zone_6,33.87449586719455,10.088036832545471,328,High
Zone_7,33.88634775076006,10.102649271758182,320,High
Zone_8,33.865061194567524,10.109169261205839,429,High
Zone_9,33.86706163884548,10.09888790222362,309,High
Zone_10,33.89792121892677,10.116989703089578,476,High
Zone_1,33.866445947405,10.101655781610921,424,High
Zone_2,33.89458685299353,10.109119787467455,372,High
Zone_3,33.87944735609787,10.107328114418431,422,High
Zone_4,33.86511363354166,10.104864816037212,407,High
Zone_5,33.86482630203699,10.100230770825839,418,High
Zone_6,33.87449586719455,10.088036832545471,359,High
Zone_7,33.88634775076006,10.102649271758182,462,High
Zone_8,33.865061194567524,10.109169261205839,444,High
Zone_9,33.86706163884548,10.09888790222362,417,High
Zone_10,33.89792121892677,10.116989703089578,394,High
Zone_1,33.866445947405,10.101655781610921,303,High
Zone_2,33.89458685299353,10.109119787467455,325,High
Zone_3,33.87944735609787,10.107328114418431,488,High
Zone_4,33.86511363354166,10.104864816037212,300,High
Zone_5,33.86482630203699,10.100230770825839,491,High
Zone_6,33.87449586719455,10.088036832545471,475,High
Zone_7,33.88634775076006,10.102649271758182,321,High
Zone_8,33.865061194567524,10.109169261205839,363,High
Zone_9,33.86706163884548,10.09888790222362,499,High
Zone_10,33.89792121892677,10.116989703089578,350,High
Zone_1,33.866445947405,10.101655781610921,424,High
Zone_2,33.89458685299353,10.109119787467455,412,High
Zone_3,33.87944735609787,10.107328114418431,412,High
Zone_4,33.86511363354166,10.104864816037212,315,High
Zone_5,33.86482630203699,10.100230770825839,325,High
Zone_6,33.87449586719455,10.088036832545471,354,High
Zone_7,33.88634775076006,10.102649271758182,437,High
Zone_8,33.865061194567524,10.109169261205839,425,High
Zone_9,33.86706163884548,10.09888790222362,325,High
Zone_10,33.89792121892677,10.116989703089578,387,High
Zone_1,33.866445947405,10.101655781610921,475,High
Zone_2,33.89458685299353,10.109119787467455,454,High
Zone_3,33.87944735609787,10.107328114418431,406,High
Zone_4,33.86511363354166,10.104864816037212,460,High
Zone_5,33.86482630203699,10.100230770825839,363,High
Zone_6,33.87449586719455,10.088036832545471,405,High
Zone_7,33.88634775076006,10.102649271758182,404,High
Zone_8,33.865061194567524,10.109169261205839,358,High
Zone_9,33.86706163884548,10.09888790222362,463,High
Zone_10,33.89792121892677,10.116989703089578,469,High
Zone_1,33.866445947405,10.101655781610921,469,High
Zone_2,33.89458685299353,10.109119787467455,407,High
Zone_3,33.87944735609787,10.107328114418431,387,High
Zone_4,33.86511363354166,10.104864816037212,325,High
Zone_5,33.86482630203699,10.100230770825839,358,High
Zone_6,33.87449586719455,10.088036832545471,319,High
Zone_7,33.88634775076006,10.102649271758182,465,High
Zone_8,33.865061194567524,10.109169261205839,300,High
Zone_9,33.86706163884548,10.09888790222362,385,High
Zone_10,33.89792121892677,10.116989703089578,408,High
Zone_1,33.866445947405,10.101655781610921,335,High
Zone_2,33.89458685299353,10.109119787467455,391,High
Zone_3,33.87944735609787,10.107328114418431,454,High
Zone_4,33.86511363354166,10.104864816037212,353,High
Zone_5,33.86482630203699,10.100230770825839,455,High
Zone_6,33.87449586719455,10.088036832545471,386,High
Zone_7,33.88634775076006,10.102649271758182,483,High
Zone_8,33.865061194567524,10.109169261205839,465,High
Zone_9,33.86706163884548,10.09888790222362,310,High
Zone_10,33.89792121892677,10.116989703089578,349,High
Zone_1,33.866445947405,10.101655781610921,336,High
Zone_2,33.89458685299353,10.109119787467455,413,High
Zone_3,33.87944735609787,10.107328114418431,483,High
Zone_4,33.86511363354166,10.104864816037212,422,High
Zone_5,33.86482630203699,10.100230770825839,349,High
Zone_6,33.87449586719455,10.088036832545471,351,High
Zone_7,33.88634775076006,10.102649271758182,416,High
Zone_8,33.865061194567524,10.109169261205839,493,High
Zone_9,33.86706163884548,10.09888790222362,415,High
Zone_10,33.89792121892677,10.116989703089578,415,High
Zone_1,33.866445947405,10.101655781610921,334,High
Zone_2,33.89458685299353,10.109119787467455,431,High
Zone_3,33.87944735609787,10.107328114418431,361,High
Zone_4,33.86511363354166,10.104864816037212,304,High
Zone_5,33.86482630203699,10.100230770825839,486,High
Zone_6,33.87449586719455,10.088036832545471,305,High
Zone_7,33.88634775076006,10.102649271758182,327,High
Zone_8,33.865061194567524,10.109169261205839,442,High
Zone_9,33.86706163884548,10.09888790222362,496,High
Zone_10,33.89792121892677,10.116989703089578,401,High
Zone_1,33.866445947405,10.101655781610921,445,High
Zone_2,33.89458685299353,10.109119787467455,423,High
Zone_3,33.87944735609787,10.107328114418431,316,High
Zone_4,33.86511363354166,10.104864816037212,299,Medium
Zone_5,33.86482630203699,10.100230770825839,317,High
Zone_6,33.87449586719455,10.088036832545471,337,High
Zone_7,33.88634775076006,10.102649271758182,345,High
Zone_8,33.865061194567524,10.109169261205839,467,High
Zone_9,33.86706163884548,10.09888790222362,445,High
Zone_10,33.89792121892677,10.116989703089578,357,High
Zone_1,33.866445947405,10.101655781610921,383,High
Zone_2,33.89458685299353,10.109119787467455,341,High
Zone_3,33.87944735609787,10.107328114418431,489,High
Zone_4,33.86511363354166,10.104864816037212,314,High
Zone_5,33.86482630203699,10.100230770825839,444,High
Zone_6,33.87449586719455,10.088036832545471,364,High
Zone_7,33.88634775076006,10.102649271758182,319,High
Zone_8,33.865061194567524,10.109169261205839,492,High
Zone_9,33.86706163884548,10.09888790222362,452,High
Zone_10,33.89792121892677,10.116989703089578,413,High
Zone_1,33.866445947405,10.101655781610921,368,High
Zone_2,33.89458685299353,10.109119787467455,409,High
Zone_3,33.87944735609787,10.107328114418431,419,High
Zone_4,33.86511363354166,10.104864816037212,299,Medium
Zone_5,33.86482630203699,10.100230770825839,465,High
Zone_6,33.87449586719455,10.088036832545471,321,High
Zone_7,33.88634775076006,10.102649271758182,452,High
Zone_8,33.865061194567524,10.109169261205839,345,High
Zone_9,33.86706163884548,10.09888790222362,436,High
Zone_10,33.89792121892677,10.116989703089578,485,High
Zone_1,33.866445947405,10.101655781610921,382,High
Zone_2,33.89458685299353,10.109119787467455,370,High
Zone_3,33.87944735609787,10.107328114418431,468,High
Zone_4,33.86511363354166,10.104864816037212,347,High
Zone_5,33.86482630203699,10.100230770825839,456,High
Zone_6,33.87449586719455,10.088036832545471,380,High
Zone_7,33.88634775076006,10.102649271758182,406,High
Zone_8,33.865061194567524,10.109169261205839,450,High
Zone_9,33.86706163884548,10.09888790222362,424,High
Zone_10,33.89792121892677,10.116989703089578,438,High
Zone_1,33.866445947405,10.101655781610921,355,High
Zone_2,33.89458685299353,10.109119787467455,305,High
Zone_3,33.87944735609787,10.107328114418431,302,High
Zone_4,33.86511363354166,10.104864816037212,373,High
Zone_5,33.86482630203699,10.100230770825839,377,High
Zone_6,33.87449586719455,10.088036832545471,350,High
Zone_7,33.88634775076006,10.102649271758182,337,High
Zone_8,33.865061194567524,10.109169261205839,437,High
Zone_9,33.86706163884548,10.09888790222362,350,High
Zone_10,33.89792121892677,10.116989703089578,422,High
Zone_1,33.866445947405,10.101655781610921,374,High
Zone_2,33.89458685299353,10.109119787467455,488,High
Zone_3,33.87944735609787,10.107328114418431,417,High
Zone_4,33.86511363354166,10.104864816037212,417,High
Zone_5,33.86482630203699,10.100230770825839,313,High
Zone_6,33.87449586719455,10.088036832545471,479,High
Zone_7,33.88634775076006,10.102649271758182,486,High
Zone_8,33.865061194567524,10.109169261205839,428,High
Zone_9,33.86706163884548,10.09888790222362,483,High
Zone_10,33.89792121892677,10.116989703089578,405,High
Zone_1,33.866445947405,10.101655781610921,450,High
Zone_2,33.89458685299353,10.109119787467455,373,High
Zone_3,33.87944735609787,10.107328114418431,415,High
Zone_4,33.86511363354166,10.104864816037212,345,High
Zone_5,33.86482630203699,10.100230770825839,308,High
Zone_6,33.87449586719455,10.088036832545471,461,High
Zone_7,33.88634775076006,10.102649271758182,322,High
Zone_8,33.865061194567524,10.109169261205839,348,High
Zone_9,33.86706163884548,10.09888790222362,437,High
Zone_10,33.89792121892677,10.116989703089578,496,High
Zone_1,33.866445947405,10.101655781610921,320,High
Zone_2,33.89458685299353,10.109119787467455,354,High
Zone_3,33.87944735609787,10.107328114418431,427,High
Zone_4,33.86511363354166,10.104864816037212,396,High
Zone_5,33.86482630203699,10.100230770825839,398,High
Zone_6,33.87449586719455,10.088036832545471,329,High
Zone_7,33.88634775076006,10.102649271758182,346,High
Zone_8,33.865061194567524,10.109169261205839,392,High
Zone_9,33.86706163884548,10.09888790222362,449,High
Zone_10,33.89792121892677,10.116989703089578,398,High
Zone_1,33.866445947405,10.101655781610921,309,High
Zone_2,33.89458685299353,10.109119787467455,319,High
Zone_3,33.87944735609787,10.107328114418431,330,High
Zone_4,33.86511363354166,10.104864816037212,382,High
Zone_5,33.86482630203699,10.100230770825839,310,High
Zone_6,33.87449586719455,10.088036832545471,332,High
Zone_7,33.88634775076006,10.102649271758182,354,High
Zone_8,33.865061194567524,10.109169261205839,349,High
Zone_9,33.86706163884548,10.09888790222362,441,High
Zone_10,33.89792121892677,10.116989703089578,315,High
Zone_1,33.866445947405,10.101655781610921,457,High
Zone_2,33.89458685299353,10.109119787467455,307,High
Zone_3,33.87944735609787,10.107328114418431,475,High
Zone_4,33.86511363354166,10.104864816037212,362,High
Zone_5,33.86482630203699,10.100230770825839,486,High
Zone_6,33.87449586719455,10.088036832545471,300,High
Zone_7,33.88634775076006,10.102649271758182,367,High
Zone_8,33.865061194567524,10.109169261205839,309,High
Zone_9,33.86706163884548,10.09888790222362,400,High
Zone_10,33.89792121892677,10.116989703089578,314,High
Zone_1,33.866445947405,10.101655781610921,415,High
Zone_2,33.89458685299353,10.109119787467455,440,High
Zone_3,33.87944735609787,10.107328114418431,395,High
Zone_4,33.86511363354166,10.104864816037212,393,High
Zone_5,33.86482630203699,10.100230770825839,409,High
Zone_6,33.87449586719455,10.088036832545471,378,High
Zone_7,33.88634775076006,10.102649271758182,311,High
Zone_8,33.865061194567524,10.109169261205839,390,High
Zone_9,33.86706163884548,10.09888790222362,360,High
Zone_10,33.89792121892677,10.116989703089578,313,High
Zone_1,33.866445947405,10.101655781610921,478,High
Zone_2,33.89458685299353,10.109119787467455,398,High
Zone_3,33.87944735609787,10.107328114418431,420,High
Zone_4,33.86511363354166,10.104864816037212,336,High
Zone_5,33.86482630203699,10.100230770825839,398,High
Zone_6,33.87449586719455,10.088036832545471,341,High
Zone_7,33.88634775076006,10.102649271758182,432,High
Zone_8,33.865061194567524,10.109169261205839,358,High
Zone_9,33.86706163884548,10.09888790222362,310,High
Zone_10,33.89792121892677,10.116989703089578,403,High
Zone_1,33.866445947405,10.101655781610921,397,High
Zone_2,33.89458685299353,10.109119787467455,431,High
Zone_3,33.87944735609787,10.107328114418431,382,High
Zone_4,33.86511363354166,10.104864816037212,386,High
Zone_5,33.86482630203699,10.100230770825839,354,High
Zone_6,33.87449586719455,10.088036832545471,350,High
Zone_7,33.88634775076006,10.102649271758182,304,High
Zone_8,33.865061194567524,10.109169261205839,461,High
Zone_9,33.86706163884548,10.09888790222362,321,High
Zone_10,33.89792121892677,10.116989703089578,443,High
Zone_1,33.866445947405,10.101655781610921,408,High
Zone_2,33.89458685299353,10.109119787467455,498,High
Zone_3,33.87944735609787,10.107328114418431,458,High
Zone_4,33.86511363354166,10.104864816037212,463,High
Zone_5,33.86482630203699,10.100230770825839,466,High
Zone_6,33.87449586719455,10.088036832545471,422,High
Zone_7,33.88634775076006,10.102649271758182,495,High
Zone_8,33.865061194567524,10.109169261205839,326,High
Zone_9,33.86706163884548,10.09888790222362,303,High
Zone_10,33.89792121892677,10.116989703089578,340,High
Zone_1,33.866445947405,10.101655781610921,400,High
Zone_2,33.89458685299353,10.109119787467455,359,High
Zone_3,33.87944735609787,10.107328114418431,437,High
Zone_4,33.86511363354166,10.104864816037212,484,High
Zone_5,33.86482630203699,10.100230770825839,299,Medium
Zone_6,33.87449586719455,10.088036832545471,462,High
Zone_7,33.88634775076006,10.102649271758182,432,High
Zone_8,33.865061194567524,10.109169261205839,358,High
Zone_9,33.86706163884548,10.09888790222362,473,High
Zone_10,33.89792121892677,10.116989703089578,468,High
Zone_1,33.866445947405,10.101655781610921,371,High
Zone_2,33.89458685299353,10.109119787467455,443,High
Zone_3,33.87944735609787,10.107328114418431,451,High
Zone_4,33.86511363354166,10.104864816037212,310,High
Zone_5,33.86482630203699,10.100230770825839,474,High
Zone_6,33.87449586719455,10.088036832545471,394,High
Zone_7,33.88634775076006,10.102649271758182,339,High
Zone_8,33.865061194567524,10.109169261205839,423,High
Zone_9,33.86706163884548,10.09888790222362,431,High
Zone_10,33.89792121892677,10.116989703089578,450,High
Zone_1,33.866445947405,10.101655781610921,489,High
Zone_2,33.89458685299353,10.109119787467455,312,High
Zone_3,33.87944735609787,10.107328114418431,382,High
Zone_4,33.86511363354166,10.104864816037212,395,High
Zone_5,33.86482630203699,10.100230770825839,335,High
Zone_6,33.87449586719455,10.088036832545471,305,High
Zone_7,33.88634775076006,10.102649271758182,307,High
Zone_8,33.865061194567524,10.109169261205839,330,High
Zone_9,33.86706163884548,10.09888790222362,318,High
Zone_10,33.89792121892677,10.116989703089578,415,High
Zone_1,33.866445947405,10.101655781610921,300,High
Zone_2,33.89458685299353,10.109119787467455,449,High
Zone_3,33.87944735609787,10.107328114418431,395,High
Zone_4,33.86511363354166,10.104864816037212,386,High
Zone_5,33.86482630203699,10.100230770825839,343,High
Zone_6,33.87449586719455,10.088036832545471,353,High
Zone_7,33.88634775076006,10.102649271758182,361,High
Zone_8,33.865061194567524,10.109169261205839,350,High
Zone_9,33.86706163884548,10.09888790222362,321,High
Zone_10,33.89792121892677,10.116989703089578,417,High
Zone_1,33.866445947405,10.101655781610921,345,High
Zone_2,33.89458685299353,10.109119787467455,352,High
Zone_3,33.87944735609787,10.107328114418431,464,High
Zone_4,33.86511363354166,10.104864816037212,441,High
Zone_5,33.86482630203699,10.100230770825839,359,High
Zone_6,33.87449586719455,10.088036832545471,343,High
Zone_7,33.88634775076006,10.102649271758182,480,High
Zone_8,33.865061194567524,10.109169261205839,326,High
Zone_9,33.86706163884548,10.09888790222362,326,High
Zone_10,33.89792121892677,10.116989703089578,367,High
Zone_1,33.866445947405,10.101655781610921,409,High
Zone_2,33.89458685299353,10.109119787467455,332,High
Zone_3,33.87944735609787,10.107328114418431,377,High
Zone_4,33.86511363354166,10.104864816037212,342,High
Zone_5,33.86482630203699,10.100230770825839,431,High
Zone_6,33.87449586719455,10.088036832545471,490,High
Zone_7,33.88634775076006,10.102649271758182,332,High
Zone_8,33.865061194567524,10.109169261205839,316,High
Zone_9,33.86706163884548,10.09888790222362,386,High
Zone_10,33.89792121892677,10.116989703089578,436,High
Zone_1,33.866445947405,10.101655781610921,477,High
Zone_2,33.89458685299353,10.109119787467455,348,High
Zone_3,33.87944735609787,10.107328114418431,329,High
Zone_4,33.86511363354166,10.104864816037212,473,High
Zone_5,33.86482630203699,10.100230770825839,450,High
Zone_6,33.87449586719455,10.088036832545471,337,High
Zone_7,33.88634775076006,10.102649271758182,430,High
Zone_8,33.865061194567524,10.109169261205839,346,High
Zone_9,33.86706163884548,10.09888790222362,309,High
Zone_10,33.89792121892677,10.116989703089578,432,High
Zone_1,33.866445947405,10.101655781610921,356,High
Zone_2,33.89458685299353,10.109119787467455,403,High
Zone_3,33.87944735609787,10.107328114418431,439,High
Zone_4,33.86511363354166,10.104864816037212,366,High
Zone_5,33.86482630203699,10.100230770825839,320,High
Zone_6,33.87449586719455,10.088036832545471,494,High
Zone_7,33.88634775076006,10.102649271758182,414,High
Zone_8,33.865061194567524,10.109169261205839,354,High
Zone_9,33.86706163884548,10.09888790222362,323,High
Zone_10,33.89792121892677,10.116989703089578,421,High
Zone_1,33.866445947405,10.101655781610921,413,High
Zone_2,33.89458685299353,10.109119787467455,489,High
Zone_3,33.87944735609787,10.107328114418431,489,High
Zone_4,33.86511363354166,10.104864816037212,360,High
Zone_5,33.86482630203699,10.100230770825839,435,High
Zone_6,33.87449586719455,10.088036832545471,375,High
Zone_7,33.88634775076006,10.102649271758182,317,High
Zone_8,33.865061194567524,10.109169261205839,368,High
Zone_9,33.86706163884548,10.09888790222362,353,High
Zone_10,33.89792121892677,10.116989703089578,405,High
Zone_1,33.866445947405,10.101655781610921,328,High
Zone_2,33.89458685299353,10.109119787467455,344,High
Zone_3,33.87944735609787,10.107328114418431,440,High
Zone_4,33.86511363354166,10.104864816037212,342,High
Zone_5,33.86482630203699,10.100230770825839,340,High
Zone_6,33.87449586719455,10.088036832545471,336,High
Zone_7,33.88634775076006,10.102649271758182,410,High
Zone_8,33.865061194567524,10.109169261205839,481,High
Zone_9,33.86706163884548,10.09888790222362,307,High
Zone_10,33.89792121892677,10.116989703089578,305,High
Zone_1,33.866445947405,10.101655781610921,354,High
Zone_2,33.89458685299353,10.109119787467455,457,High
Zone_3,33.87944735609787,10.107328114418431,408,High
Zone_4,33.86511363354166,10.104864816037212,430,High
Zone_5,33.86482630203699,10.100230770825839,383,High
Zone_6,33.87449586719455,10.088036832545471,469,High
Zone_7,33.88634775076006,10.102649271758182,474,High
Zone_8,33.865061194567524,10.109169261205839,433,High
Zone_9,33.86706163884548,10.09888790222362,484,High
Zone_10,33.89792121892677,10.116989703089578,496,High
Zone_1,33.866445947405,10.101655781610921,488,High
Zone_2,33.89458685299353,10.109119787467455,335,High
Zone_3,33.87944735609787,10.107328114418431,398,High
Zone_4,33.86511363354166,10.104864816037212,304,High
Zone_5,33.86482630203699,10.100230770825839,368,High
Zone_6,33.87449586719455,10.088036832545471,427,High
Zone_7,33.88634775076006,10.102649271758182,487,High
Zone_8,33.865061194567524,10.109169261205839,489,High
Zone_9,33.86706163884548,10.09888790222362,344,High
Zone_10,33.89792121892677,10.116989703089578,440,High
Zone_1,33.866445947405,10.101655781610921,486,High
Zone_2,33.89458685299353,10.109119787467455,363,High
Zone_3,33.87944735609787,10.107328114418431,442,High
Zone_4,33.86511363354166,10.104864816037212,367,High
Zone_5,33.86482630203699,10.100230770825839,498,High
Zone_6,33.87449586719455,10.088036832545471,360,High
Zone_7,33.88634775076006,10.102649271758182,349,High
Zone_8,33.865061194567524,10.109169261205839,436,High
Zone_9,33.86706163884548,10.09888790222362,334,High
Zone_10,33.89792121892677,10.116989703089578,328,High
Zone_1,33.866445947405,10.101655781610921,448,High
Zone_2,33.89458685299353,10.109119787467455,381,High
Zone_3,33.87944735609787,10.107328114418431,305,High
Zone_4,33.86511363354166,10.104864816037212,378,High
Zone_5,33.86482630203699,10.100230770825839,317,High
Zone_6,33.87449586719455,10.088036832545471,452,High
Zone_7,33.88634775076006,10.102649271758182,439,High
Zone_8,33.865061194567524,10.109169261205839,407,High
Zone_9,33.86706163884548,10.09888790222362,443,High
Zone_10,33.89792121892677,10.116989703089578,308,High
Zone_1,33.866445947405,10.101655781610921,347,High
Zone_2,33.89458685299353,10.109119787467455,322,High
Zone_3,33.87944735609787,10.107328114418431,345,High
Zone_4,33.86511363354166,10.104864816037212,307,High
Zone_5,33.86482630203699,10.100230770825839,314,High
Zone_6,33.87449586719455,10.088036832545471,473,High
Zone_7,33.88634775076006,10.102649271758182,417,High
Zone_8,33.865061194567524,10.109169261205839,355,High
Zone_9,33.86706163884548,10.09888790222362,454,High
Zone_10,33.89792121892677,10.116989703089578,350,High
Zone_1,33.866445947405,10.101655781610921,309,High
Zone_2,33.89458685299353,10.109119787467455,323,High
Zone_3,33.87944735609787,10.107328114418431,324,High
Zone_4,33.86511363354166,10.104864816037212,387,High
Zone_5,33.86482630203699,10.100230770825839,381,High
Zone_6,33.87449586719455,10.088036832545471,369,High
Zone_7,33.88634775076006,10.102649271758182,316,High
Zone_8,33.865061194567524,10.109169261205839,372,High
Zone_9,33.86706163884548,10.09888790222362,455,High
Zone_10,33.89792121892677,10.116989703089578,341,High
Zone_1,33.866445947405,10.101655781610921,379,High
Zone_2,33.89458685299353,10.109119787467455,448,High
Zone_3,33.87944735609787,10.107328114418431,442,High
Zone_4,33.86511363354166,10.104864816037212,307,High
Zone_5,33.86482630203699,10.100230770825839,399,High
Zone_6,33.87449586719455,10.088036832545471,499,High
Zone_7,33.88634775076006,10.102649271758182,383,High
Zone_8,33.865061194567524,10.109169261205839,426,High
Zone_9,33.86706163884548,10.09888790222362,350,High
Zone_10,33.89792121892677,10.116989703089578,439,High
Zone_1,33.866445947405,10.101655781610921,420,High
Zone_2,33.89458685299353,10.109119787467455,376,High
Zone_3,33.87944735609787,10.107328114418431,388,High
Zone_4,33.86511363354166,10.104864816037212,465,High
Zone_5,33.86482630203699,10.100230770825839,382,High
Zone_6,33.87449586719455,10.088036832545471,420,High
Zone_7,33.88634775076006,10.102649271758182,475,High
Zone_8,33.865061194567524,10.109169261205839,316,High
Zone_9,33.86706163884548,10.09888790222362,403,High
Zone_10,33.89792121892677,10.116989703089578,347,High
Zone_1,33.866445947405,10.101655781610921,345,High
Zone_2,33.89458685299353,10.109119787467455,329,High
Zone_3,33.87944735609787,10.107328114418431,406,High
Zone_4,33.86511363354166,10.104864816037212,312,High
Zone_5,33.86482630203699,10.100230770825839,343,High
Zone_6,33.87449586719455,10.088036832545471,455,High
Zone_7,33.88634775076006,10.102649271758182,354,High
Zone_8,33.865061194567524,10.109169261205839,336,High
Zone_9,33.86706163884548,10.09888790222362,375,High
Zone_10,33.89792121892677,10.116989703089578,493,High
Zone_1,33.866445947405,10.101655781610921,345,High
Zone_2,33.89458685299353,10.109119787467455,306,High
Zone_3,33.87944735609787,10.107328114418431,349,High
Zone_4,33.86511363354166,10.104864816037212,302,High
Zone_5,33.86482630203699,10.100230770825839,457,High
Zone_6,33.87449586719455,10.088036832545471,415,High
Zone_7,33.88634775076006,10.102649271758182,449,High
Zone_8,33.865061194567524,10.109169261205839,377,High
Zone_9,33.86706163884548,10.09888790222362,313,High
Zone_10,33.89792121892677,10.116989703089578,455,High
Zone_1,33.866445947405,10.101655781610921,403,High
Zone_2,33.89458685299353,10.109119787467455,481,High
Zone_3,33.87944735609787,10.107328114418431,361,High
Zone_4,33.86511363354166,10.104864816037212,346,High
Zone_5,33.86482630203699,10.100230770825839,362,High
Zone_6,33.87449586719455,10.088036832545471,499,High
Zone_7,33.88634775076006,10.102649271758182,454,High
Zone_8,33.865061194567524,10.109169261205839,482,High
Zone_9,33.86706163884548,10.09888790222362,426,High
Zone_10,33.89792121892677,10.116989703089578,452,High
Zone_1,33.866445947405,10.101655781610921,347,High
Zone_2,33.89458685299353,10.109119787467455,461,High
Zone_3,33.87944735609787,10.107328114418431,397,High
Zone_4,33.86511363354166,10.104864816037212,363,High
Zone_5,33.86482630203699,10.100230770825839,462,High
Zone_6,33.87449586719455,10.088036832545471,361,High
Zone_7,33.88634775076006,10.102649271758182,385,High
Zone_8,33.865061194567524,10.109169261205839,384,High
Zone_9,33.86706163884548,10.09888790222362,348,High
Zone_10,33.89792121892677,10.116989703089578,415,High
Zone_1,33.866445947405,10.101655781610921,496,High
Zone_2,33.89458685299353,10.109119787467455,299,Medium
Zone_3,33.87944735609787,10.107328114418431,487,High
Zone_4,33.86511363354166,10.104864816037212,309,High
Zone_5,33.86482630203699,10.100230770825839,355,High
Zone_6,33.87449586719455,10.088036832545471,456,High
Zone_7,33.88634775076006,10.102649271758182,406,High
Zone_8,33.865061194567524,10.109169261205839,416,High
Zone_9,33.86706163884548,10.09888790222362,458,High
Zone_10,33.89792121892677,10.116989703089578,480,High
Zone_1,33.866445947405,10.101655781610921,327,High
Zone_2,33.89458685299353,10.109119787467455,325,High
Zone_3,33.87944735609787,10.107328114418431,477,High
Zone_4,33.86511363354166,10.104864816037212,332,High
Zone_5,33.86482630203699,10.100230770825839,457,High
Zone_6,33.87449586719455,10.088036832545471,301,High
Zone_7,33.88634775076006,10.102649271758182,402,High
Zone_8,33.865061194567524,10.109169261205839,441,High
Zone_9,33.86706163884548,10.09888790222362,387,High
Zone_10,33.89792121892677,10.116989703089578,392,High
Zone_1,33.866445947405,10.101655781610921,499,High
Zone_2,33.89458685299353,10.109119787467455,353,High
Zone_3,33.87944735609787,10.107328114418431,386,High
Zone_4,33.86511363354166,10.104864816037212,484,High
Zone_5,33.86482630203699,10.100230770825839,478,High
Zone_6,33.87449586719455,10.088036832545471,348,High
Zone_7,33.88634775076006,10.102649271758182,482,High
Zone_8,33.865061194567524,10.109169261205839,342,High
Zone_9,33.86706163884548,10.09888790222362,330,High
Zone_10,33.89792121892677,10.116989703089578,309,High
Zone_1,33.866445947405,10.101655781610921,351,High
Zone_2,33.89458685299353,10.109119787467455,352,High
Zone_3,33.87944735609787,10.107328114418431,420,High
Zone_4,33.86511363354166,10.104864816037212,368,High
Zone_5,33.86482630203699,10.100230770825839,425,High
Zone_6,33.87449586719455,10.088036832545471,313,High
Zone_7,33.88634775076006,10.102649271758182,490,High
Zone_8,33.865061194567524,10.109169261205839,498,High
Zone_9,33.86706163884548,10.09888790222362,309,High
Zone_10,33.89792121892677,10.116989703089578,379,High
Zone_1,33.866445947405,10.101655781610921,399,High
Zone_2,33.89458685299353,10.109119787467455,344,High
Zone_3,33.87944735609787,10.107328114418431,433,High
Zone_4,33.86511363354166,10.104864816037212,444,High
Zone_5,33.86482630203699,10.100230770825839,306,High
Zone_6,33.87449586719455,10.088036832545471,381,High
Zone_7,33.88634775076006,10.102649271758182,467,High
Zone_8,33.865061194567524,10.109169261205839,356,High
Zone_9,33.86706163884548,10.09888790222362,368,High
Zone_10,33.89792121892677,10.116989703089578,474,High
Zone_1,33.866445947405,10.101655781610921,443,High
Zone_2,33.89458685299353,10.109119787467455,385,High
Zone_3,33.87944735609787,10.107328114418431,327,High
Zone_4,33.86511363354166,10.104864816037212,313,High
Zone_5,33.86482630203699,10.100230770825839,389,High
Zone_6,33.87449586719455,10.088036832545471,486,High
Zone_7,33.88634775076006,10.102649271758182,498,High
Zone_8,33.865061194567524,10.109169261205839,302,High
Zone_9,33.86706163884548,10.09888790222362,446,High
Zone_10,33.89792121892677,10.116989703089578,374,High
Zone_1,33.866445947405,10.101655781610921,413,High
Zone_2,33.89458685299353,10.109119787467455,479,High
Zone_3,33.87944735609787,10.107328114418431,457,High
Zone_4,33.86511363354166,10.104864816037212,448,High
Zone_5,33.86482630203699,10.100230770825839,358,High
Zone_6,33.87449586719455,10.088036832545471,314,High
Zone_7,33.88634775076006,10.102649271758182,481,High
Zone_8,33.865061194567524,10.109169261205839,401,High
Zone_9,33.86706163884548,10.09888790222362,384,High
Zone_10,33.89792121892677,10.116989703089578,411,High
Zone_1,33.866445947405,10.101655781610921,447,High
Zone_2,33.89458685299353,10.109119787467455,421,High
Zone_3,33.87944735609787,10.107328114418431,459,High
Zone_4,33.86511363354166,10.104864816037212,410,High
Zone_5,33.86482630203699,10.100230770825839,344,High
Zone_6,33.87449586719455,10.088036832545471,421,High
Zone_7,33.88634775076006,10.102649271758182,452,High
Zone_8,33.865061194567524,10.109169261205839,387,High
Zone_9,33.86706163884548,10.09888790222362,333,High
Zone_10,33.89792121892677,10.116989703089578,459,High
Zone_1,33.866445947405,10.101655781610921,497,High
Zone_2,33.89458685299353,10.109119787467455,345,High
Zone_3,33.87944735609787,10.107328114418431,348,High
Zone_4,33.86511363354166,10.104864816037212,353,High
Zone_5,33.86482630203699,10.100230770825839,489,High
Zone_6,33.87449586719455,10.088036832545471,463,High
Zone_7,33.88634775076006,10.102649271758182,331,High
Zone_8,33.865061194567524,10.109169261205839,480,High
Zone_9,33.86706163884548,10.09888790222362,466,High
Zone_10,33.89792121892677,10.116989703089578,369,High
Zone_1,33.866445947405,10.101655781610921,456,High
Zone_2,33.89458685299353,10.109119787467455,313,High
Zone_3,33.87944735609787,10.107328114418431,351,High
Zone_4,33.86511363354166,10.104864816037212,330,High
Zone_5,33.86482630203699,10.100230770825839,367,High
Zone_6,33.87449586719455,10.088036832545471,433,High
Zone_7,33.88634775076006,10.102649271758182,350,High
Zone_8,33.865061194567524,10.109169261205839,392,High
Zone_9,33.86706163884548,10.09888790222362,391,High
Zone_10,33.89792121892677,10.116989703089578,421,High
Zone_1,33.866445947405,10.101655781610921,325,High
Zone_2,33.89458685299353,10.109119787467455,372,High
Zone_3,33.87944735609787,10.107328114418431,319,High
Zone_4,33.86511363354166,10.104864816037212,338,High
Zone_5,33.86482630203699,10.100230770825839,456,High
Zone_6,33.87449586719455,10.088036832545471,357,High
Zone_7,33.88634775076006,10.102649271758182,384,High
Zone_8,33.865061194567524,10.109169261205839,413,High
Zone_9,33.86706163884548,10.09888790222362,423,High
Zone_10,33.89792121892677,10.116989703089578,316,High
Zone_1,33.866445947405,10.101655781610921,374,High
Zone_2,33.89458685299353,10.109119787467455,301,High
Zone_3,33.87944735609787,10.107328114418431,476,High
Zone_4,33.86511363354166,10.104864816037212,341,High
Zone_5,33.86482630203699,10.100230770825839,472,High
Zone_6,33.87449586719455,10.088036832545471,425,High
Zone_7,33.88634775076006,10.102649271758182,492,High
Zone_8,33.865061194567524,10.109169261205839,390,High
Zone_9,33.86706163884548,10.09888790222362,326,High
Zone_10,33.89792121892677,10.116989703089578,329,High
Zone_1,33.866445947405,10.101655781610921,493,High
Zone_2,33.89458685299353,10.109119787467455,377,High
Zone_3,33.87944735609787,10.107328114418431,499,High
Zone_4,33.86511363354166,10.104864816037212,453,High
Zone_5,33.86482630203699,10.100230770825839,312,High
Zone_6,33.87449586719455,10.088036832545471,388,High
Zone_7,33.88634775076006,10.102649271758182,482,High
Zone_8,33.865061194567524,10.109169261205839,395,High
Zone_9,33.86706163884548,10.09888790222362,427,High
Zone_10,33.89792121892677,10.116989703089578,353,High
Zone_1,33.866445947405,10.101655781610921,315,High
Zone_2,33.89458685299353,10.109119787467455,306,High
Zone_3,33.87944735609787,10.107328114418431,343,High
Zone_4,33.86511363354166,10.104864816037212,404,High
Zone_5,33.86482630203699,10.100230770825839,425,High
Zone_6,33.87449586719455,10.088036832545471,301,High
Zone_7,33.88634775076006,10.102649271758182,414,High
Zone_8,33.865061194567524,10.109169261205839,372,High
Zone_9,33.86706163884548,10.09888790222362,340,High
Zone_10,33.89792121892677,10.116989703089578,393,High
Zone_1,33.866445947405,10.101655781610921,390,High
Zone_2,33.89458685299353,10.109119787467455,395,High
Zone_3,33.87944735609787,10.107328114418431,384,High
Zone_4,33.86511363354166,10.104864816037212,476,High
Zone_5,33.86482630203699,10.100230770825839,380,High
Zone_6,33.87449586719455,10.088036832545471,465,High
Zone_7,33.88634775076006,10.102649271758182,317,High
Zone_8,33.865061194567524,10.109169261205839,469,High
Zone_9,33.86706163884548,10.09888790222362,446,High
Zone_10,33.89792121892677,10.116989703089578,393,High
Zone_1,33.866445947405,10.101655781610921,356,High
Zone_2,33.89458685299353,10.109119787467455,358,High
Zone_3,33.87944735609787,10.107328114418431,374,High
Zone_4,33.86511363354166,10.104864816037212,401,High
Zone_5,33.86482630203699,10.100230770825839,407,High
Zone_6,33.87449586719455,10.088036832545471,427,High
Zone_7,33.88634775076006,10.102649271758182,432,High
Zone_8,33.865061194567524,10.109169261205839,433,High
Zone_9,33.86706163884548,10.09888790222362,430,High
Zone_10,33.89792121892677,10.116989703089578,339,High
Zone_1,33.866445947405,10.101655781610921,429,High
Zone_2,33.89458685299353,10.109119787467455,322,High
Zone_3,33.87944735609787,10.107328114418431,450,High
Zone_4,33.86511363354166,10.104864816037212,351,High
Zone_5,33.86482630203699,10.100230770825839,404,High
Zone_6,33.87449586719455,10.088036832545471,456,High
Zone_7,33.88634775076006,10.102649271758182,314,High
Zone_8,33.865061194567524,10.109169261205839,479,High
Zone_9,33.86706163884548,10.09888790222362,460,High
Zone_10,33.89792121892677,10.116989703089578,427,High
Zone_1,33.866445947405,10.101655781610921,364,High
Zone_2,33.89458685299353,10.109119787467455,465,High
Zone_3,33.87944735609787,10.107328114418431,332,High
Zone_4,33.86511363354166,10.104864816037212,427,High
Zone_5,33.86482630203699,10.100230770825839,482,High
Zone_6,33.87449586719455,10.088036832545471,490,High
Zone_7,33.88634775076006,10.102649271758182,323,High
Zone_8,33.865061194567524,10.109169261205839,346,High
Zone_9,33.86706163884548,10.09888790222362,431,High
Zone_10,33.89792121892677,10.116989703089578,371,High
Zone_1,33.866445947405,10.101655781610921,484,High
Zone_2,33.89458685299353,10.109119787467455,438,High
Zone_3,33.87944735609787,10.107328114418431,337,High
Zone_4,33.86511363354166,10.104864816037212,479,High
Zone_5,33.86482630203699,10.100230770825839,429,High
Zone_6,33.87449586719455,10.088036832545471,320,High
Zone_7,33.88634775076006,10.102649271758182,417,High
Zone_8,33.865061194567524,10.109169261205839,421,High
Zone_9,33.86706163884548,10.09888790222362,338,High
Zone_10,33.89792121892677,10.116989703089578,351,High
Zone_1,33.866445947405,10.101655781610921,370,High
Zone_2,33.89458685299353,10.109119787467455,346,High
Zone_3,33.87944735609787,10.107328114418431,313,High
Zone_4,33.86511363354166,10.104864816037212,380,High
Zone_5,33.86482630203699,10.100230770825839,402,High
Zone_6,33.87449586719455,10.088036832545471,490,High
Zone_7,33.88634775076006,10.102649271758182,339,High
Zone_8,33.865061194567524,10.109169261205839,498,High
Zone_9,33.86706163884548,10.09888790222362,448,High
Zone_10,33.89792121892677,10.116989703089578,466,High
Zone_1,33.866445947405,10.101655781610921,310,High
Zone_2,33.89458685299353,10.109119787467455,349,High
Zone_3,33.87944735609787,10.107328114418431,336,High
Zone_4,33.86511363354166,10.104864816037212,316,High
Zone_5,33.86482630203699,10.100230770825839,310,High
Zone_6,33.87449586719455,10.088036832545471,440,High
Zone_7,33.88634775076006,10.102649271758182,447,High
Zone_8,33.865061194567524,10.109169261205839,428,High
Zone_9,33.86706163884548,10.09888790222362,387,High
Zone_10,33.89792121892677,10.116989703089578,499,High
Zone_1,33.866445947405,10.101655781610921,443,High
Zone_2,33.89458685299353,10.109119787467455,418,High
Zone_3,33.87944735609787,10.107328114418431,424,High
Zone_4,33.86511363354166,10.104864816037212,325,High
Zone_5,33.86482630203699,10.100230770825839,308,High
Zone_6,33.87449586719455,10.088036832545471,415,High
Zone_7,33.88634775076006,10.102649271758182,402,High
Zone_8,33.865061194567524,10.109169261205839,461,High
Zone_9,33.86706163884548,10.09888790222362,394,High
Zone_10,33.89792121892677,10.116989703089578,414,High
Zone_1,33.866445947405,10.101655781610921,302,High
Zone_2,33.89458685299353,10.109119787467455,367,High
Zone_3,33.87944735609787,10.107328114418431,450,High
Zone_4,33.86511363354166,10.104864816037212,387,High
Zone_5,33.86482630203699,10.100230770825839,377,High
Zone_6,33.87449586719455,10.088036832545471,445,High
Zone_7,33.88634775076006,10.102649271758182,440,High
Zone_8,33.865061194567524,10.109169261205839,407,High
Zone_9,33.86706163884548,10.09888790222362,301,High
Zone_10,33.89792121892677,10.116989703089578,387,High
Zone_1,33.866445947405,10.101655781610921,474,High
Zone_2,33.89458685299353,10.109119787467455,348,High
Zone_3,33.87944735609787,10.107328114418431,415,High
Zone_4,33.86511363354166,10.104864816037212,322,High
Zone_5,33.86482630203699,10.100230770825839,364,High
Zone_6,33.87449586719455,10.088036832545471,417,High
Zone_7,33.88634775076006,10.102649271758182,302,High
Zone_8,33.865061194567524,10.109169261205839,449,High
Zone_9,33.86706163884548,10.09888790222362,352,High
Zone_10,33.89792121892677,10.116989703089578,349,High
Zone_1,33.866445947405,10.101655781610921,405,High
Zone_2,33.89458685299353,10.109119787467455,404,High
Zone_3,33.87944735609787,10.107328114418431,468,High
Zone_4,33.86511363354166,10.104864816037212,425,High
Zone_5,33.86482630203699,10.100230770825839,422,High
Zone_6,33.87449586719455,10.088036832545471,318,High
Zone_7,33.88634775076006,10.102649271758182,452,High
Zone_8,33.865061194567524,10.109169261205839,390,High
Zone_9,33.86706163884548,10.09888790222362,337,High
Zone_10,33.89792121892677,10.116989703089578,405,High
Zone_1,33.866445947405,10.101655781610921,475,High
Zone_2,33.89458685299353,10.109119787467455,299,Medium
Zone_3,33.87944735609787,10.107328114418431,318,High
Zone_4,33.86511363354166,10.104864816037212,497,High
Zone_5,33.86482630203699,10.100230770825839,375,High
Zone_6,33.87449586719455,10.088036832545471,357,High
Zone_7,33.88634775076006,10.102649271758182,338,High
Zone_8,33.865061194567524,10.109169261205839,495,High
Zone_9,33.86706163884548,10.09888790222362,335,High
Zone_10,33.89792121892677,10.116989703089578,433,High
Zone_1,33.866445947405,10.101655781610921,374,High
Zone_2,33.89458685299353,10.109119787467455,412,High
Zone_3,33.87944735609787,10.107328114418431,349,High
Zone_4,33.86511363354166,10.104864816037212,489,High
Zone_5,33.86482630203699,10.100230770825839,482,High
Zone_6,33.87449586719455,10.088036832545471,363,High
Zone_7,33.88634775076006,10.102649271758182,379,High
Zone_8,33.865061194567524,10.109169261205839,465,High
Zone_9,33.86706163884548,10.09888790222362,385,High
Zone_10,33.89792121892677,10.116989703089578,411,High
Zone_1,33.866445947405,10.101655781610921,422,High
Zone_2,33.89458685299353,10.109119787467455,369,High
Zone_3,33.87944735609787,10.107328114418431,307,High
Zone_4,33.86511363354166,10.104864816037212,461,High
Zone_5,33.86482630203699,10.100230770825839,317,High
Zone_6,33.87449586719455,10.088036832545471,325,High
Zone_7,33.88634775076006,10.102649271758182,464,High
Zone_8,33.865061194567524,10.109169261205839,341,High
Zone_9,33.86706163884548,10.09888790222362,336,High
Zone_10,33.89792121892677,10.116989703089578,489,High
Zone_1,33.866445947405,10.101655781610921,459,High
Zone_2,33.89458685299353,10.109119787467455,365,High
Zone_3,33.87944735609787,10.107328114418431,311,High
Zone_4,33.86511363354166,10.104864816037212,369,High
Zone_5,33.86482630203699,10.100230770825839,343,High
Zone_6,33.87449586719455,10.088036832545471,422,High
Zone_7,33.88634775076006,10.102649271758182,300,High
Zone_8,33.865061194567524,10.109169261205839,394,High
Zone_9,33.86706163884548,10.09888790222362,334,High
Zone_10,33.89792121892677,10.116989703089578,473,High
Zone_1,33.866445947405,10.101655781610921,476,High
Zone_2,33.89458685299353,10.109119787467455,314,High
Zone_3,33.87944735609787,10.107328114418431,329,High
Zone_4,33.86511363354166,10.104864816037212,320,High
Zone_5,33.86482630203699,10.100230770825839,478,High
Zone_6,33.87449586719455,10.088036832545471,491,High
Zone_7,33.88634775076006,10.102649271758182,308,High
Zone_8,33.865061194567524,10.109169261205839,451,High
Zone_9,33.86706163884548,10.09888790222362,431,High
Zone_10,33.89792121892677,10.116989703089578,320,High
Zone_1,33.866445947405,10.101655781610921,337,High
Zone_2,33.89458685299353,10.109119787467455,464,High
Zone_3,33.87944735609787,10.107328114418431,441,High
Zone_4,33.86511363354166,10.104864816037212,399,High
Zone_5,33.86482630203699,10.100230770825839,358,High
Zone_6,33.87449586719455,10.088036832545471,322,High
Zone_7,33.88634775076006,10.102649271758182,325,High
Zone_8,33.865061194567524,10.109169261205839,471,High
Zone_9,33.86706163884548,10.09888790222362,395,High
Zone_10,33.89792121892677,10.116989703089578,448,High
Zone_1,33.866445947405,10.101655781610921,418,High
Zone_2,33.89458685299353,10.109119787467455,322,High
Zone_3,33.87944735609787,10.107328114418431,319,High
Zone_4,33.86511363354166,10.104864816037212,423,High
Zone_5,33.86482630203699,10.100230770825839,414,High
Zone_6,33.87449586719455,10.088036832545471,346,High
Zone_7,33.88634775076006,10.102649271758182,497,High
Zone_8,33.865061194567524,10.109169261205839,377,High
Zone_9,33.86706163884548,10.09888790222362,479,High
Zone_10,33.89792121892677,10.116989703089578,302,High
Zone_1,33.866445947405,10.101655781610921,467,High
Zone_2,33.89458685299353,10.109119787467455,402,High
Zone_3,33.87944735609787,10.107328114418431,332,High
Zone_4,33.86511363354166,10.104864816037212,445,High
Zone_5,33.86482630203699,10.100230770825839,336,High
Zone_6,33.87449586719455,10.088036832545471,418,High
Zone_7,33.88634775076006,10.102649271758182,406,High
Zone_8,33.865061194567524,10.109169261205839,412,High
Zone_9,33.86706163884548,10.09888790222362,358,High
Zone_10,33.89792121892677,10.116989703089578,458,High
Zone_1,33.866445947405,10.101655781610921,424,High
Zone_2,33.89458685299353,10.109119787467455,361,High
Zone_3,33.87944735609787,10.107328114418431,317,High
Zone_4,33.86511363354166,10.104864816037212,416,High
Zone_5,33.86482630203699,10.100230770825839,337,High
Zone_6,33.87449586719455,10.088036832545471,478,High
Zone_7,33.88634775076006,10.102649271758182,469,High
Zone_8,33.865061194567524,10.109169261205839,369,High
Zone_9,33.86706163884548,10.09888790222362,475,High
Zone_10,33.89792121892677,10.116989703089578,370,High
Zone_1,33.866445947405,10.101655781610921,415,High
Zone_2,33.89458685299353,10.109119787467455,309,High
Zone_3,33.87944735609787,10.107328114418431,361,High
Zone_4,33.86511363354166,10.104864816037212,397,High
Zone_5,33.86482630203699,10.100230770825839,424,High
Zone_6,33.87449586719455,10.088036832545471,374,High
Zone_7,33.88634775076006,10.102649271758182,476,High
Zone_8,33.865061194567524,10.109169261205839,400,High
Zone_9,33.86706163884548,10.09888790222362,412,High
Zone_10,33.89792121892677,10.116989703089578,459,High
Zone_1,33.866445947405,10.101655781610921,312,High
Zone_2,33.89458685299353,10.109119787467455,385,High
Zone_3,33.87944735609787,10.107328114418431,376,High
Zone_4,33.86511363354166,10.104864816037212,462,High
Zone_5,33.86482630203699,10.100230770825839,448,High
Zone_6,33.87449586719455,10.088036832545471,321,High
Zone_7,33.88634775076006,10.102649271758182,386,High
Zone_8,33.865061194567524,10.109169261205839,386,High
Zone_9,33.86706163884548,10.09888790222362,419,High
Zone_10,33.89792121892677,10.116989703089578,425,High
Zone_1,33.866445947405,10.101655781610921,462,High
Zone_2,33.89458685299353,10.109119787467455,460,High
Zone_3,33.87944735609787,10.107328114418431,426,High
Zone_4,33.86511363354166,10.104864816037212,382,High
Zone_5,33.86482630203699,10.100230770825839,333,High
Zone_6,33.87449586719455,10.088036832545471,445,High
Zone_7,33.88634775076006,10.102649271758182,427,High
Zone_8,33.865061194567524,10.109169261205839,306,High
Zone_9,33.86706163884548,10.09888790222362,491,High
Zone_10,33.89792121892677,10.116989703089578,317,High
Zone_1,33.866445947405,10.101655781610921,432,High
Zone_2,33.89458685299353,10.109119787467455,437,High
Zone_3,33.87944735609787,10.107328114418431,324,High
Zone_4,33.86511363354166,10.104864816037212,473,High
Zone_5,33.86482630203699,10.100230770825839,458,High
Zone_6,33.87449586719455,10.088036832545471,321,High
Zone_7,33.88634775076006,10.102649271758182,468,High
Zone_8,33.865061194567524,10.109169261205839,457,High
Zone_9,33.86706163884548,10.09888790222362,445,High
Zone_10,33.89792121892677,10.116989703089578,478,High
Zone_1,33.866445947405,10.101655781610921,345,High
Zone_2,33.89458685299353,10.109119787467455,499,High
Zone_3,33.87944735609787,10.107328114418431,364,High
Zone_4,33.86511363354166,10.104864816037212,481,High
Zone_5,33.86482630203699,10.100230770825839,401,High
Zone_6,33.87449586719455,10.088036832545471,481,High
Zone_7,33.88634775076006,10.102649271758182,370,High
Zone_8,33.865061194567524,10.109169261205839,320,High
Zone_9,33.86706163884548,10.09888790222362,321,High
Zone_10,33.89792121892677,10.116989703089578,476,High
Zone_1,33.866445947405,10.101655781610921,315,High
Zone_2,33.89458685299353,10.109119787467455,383,High
Zone_3,33.87944735609787,10.107328114418431,432,High
Zone_4,33.86511363354166,10.104864816037212,308,High
Zone_5,33.86482630203699,10.100230770825839,322,High
Zone_6,33.87449586719455,10.088036832545471,409,High
Zone_7,33.88634775076006,10.102649271758182,371,High
Zone_8,33.865061194567524,10.109169261205839,456,High
Zone_9,33.86706163884548,10.09888790222362,430,High
Zone_10,33.89792121892677,10.116989703089578,372,High
Zone_1,33.866445947405,10.101655781610921,432,High
Zone_2,33.89458685299353,10.109119787467455,417,High
Zone_3,33.87944735609787,10.107328114418431,496,High
Zone_4,33.86511363354166,10.104864816037212,313,High
Zone_5,33.86482630203699,10.100230770825839,337,High
Zone_6,33.87449586719455,10.088036832545471,385,High
Zone_7,33.88634775076006,10.102649271758182,404,High
Zone_8,33.865061194567524,10.109169261205839,452,High
Zone_9,33.86706163884548,10.09888790222362,446,High
Zone_10,33.89792121892677,10.116989703089578,312,High
Zone_1,33.866445947405,10.101655781610921,389,High
Zone_2,33.89458685299353,10.109119787467455,331,High
Zone_3,33.87944735609787,10.107328114418431,484,High
Zone_4,33.86511363354166,10.104864816037212,410,High
Zone_5,33.86482630203699,10.100230770825839,389,High
Zone_6,33.87449586719455,10.088036832545471,326,High
Zone_7,33.88634775076006,10.102649271758182,457,High
Zone_8,33.865061194567524,10.109169261205839,374,High
Zone_9,33.86706163884548,10.09888790222362,487,High
Zone_10,33.89792121892677,10.116989703089578,422,High
Zone_1,33.866445947405,10.101655781610921,310,High
Zone_2,33.89458685299353,10.109119787467455,341,High
Zone_3,33.87944735609787,10.107328114418431,317,High
Zone_4,33.86511363354166,10.104864816037212,371,High
Zone_5,33.86482630203699,10.100230770825839,385,High
Zone_6,33.87449586719455,10.088036832545471,424,High
Zone_7,33.88634775076006,10.102649271758182,471,High
Zone_8,33.865061194567524,10.109169261205839,447,High
Zone_9,33.86706163884548,10.09888790222362,468,High
Zone_10,33.89792121892677,10.116989703089578,315,High
Zone_1,33.866445947405,10.101655781610921,318,High
Zone_2,33.89458685299353,10.109119787467455,395,High
Zone_3,33.87944735609787,10.107328114418431,377,High
Zone_4,33.86511363354166,10.104864816037212,323,High
Zone_5,33.86482630203699,10.100230770825839,439,High
Zone_6,33.87449586719455,10.088036832545471,423,High
Zone_7,33.88634775076006,10.102649271758182,399,High
Zone_8,33.865061194567524,10.109169261205839,340,High
Zone_9,33.86706163884548,10.09888790222362,414,High
Zone_10,33.89792121892677,10.116989703089578,431,High
Zone_1,33.866445947405,10.101655781610921,432,High
Zone_2,33.89458685299353,10.109119787467455,451,High
Zone_3,33.87944735609787,10.107328114418431,465,High
Zone_4,33.86511363354166,10.104864816037212,415,High
Zone_5,33.86482630203699,10.100230770825839,381,High
Zone_6,33.87449586719455,10.088036832545471,391,High
Zone_7,33.88634775076006,10.102649271758182,461,High
Zone_8,33.865061194567524,10.109169261205839,349,High
Zone_9,33.86706163884548,10.09888790222362,308,High
Zone_10,33.89792121892677,10.116989703089578,418,High
Zone_1,33.866445947405,10.101655781610921,375,High
Zone_2,33.89458685299353,10.109119787467455,484,High
Zone_3,33.87944735609787,10.107328114418431,451,High
Zone_4,33.86511363354166,10.104864816037212,344,High
Zone_5,33.86482630203699,10.100230770825839,423,High
Zone_6,33.87449586719455,10.088036832545471,395,High
Zone_7,33.88634775076006,10.102649271758182,326,High
Zone_8,33.865061194567524,10.109169261205839,364,High
Zone_9,33.86706163884548,10.09888790222362,350,High
Zone_10,33.89792121892677,10.116989703089578,342,High
Zone_1,33.866445947405,10.101655781610921,391,High
Zone_2,33.89458685299353,10.109119787467455,389,High
Zone_3,33.87944735609787,10.107328114418431,456,High
Zone_4,33.86511363354166,10.104864816037212,352,High
Zone_5,33.86482630203699,10.100230770825839,396,High
Zone_6,33.87449586719455,10.088036832545471,423,High
Zone_7,33.88634775076006,10.102649271758182,432,High
Zone_8,33.865061194567524,10.109169261205839,476,High
Zone_9,33.86706163884548,10.09888790222362,349,High
Zone_10,33.89792121892677,10.116989703089578,346,High
