Date,Heure,Humidite_%,Temperature_C,Luminosite_%,Score,Etat,LED_VERTE,LED_ROUGE,Prediction,Etat_Reel
2026-04-19,05:47:51,86.0,38.5,2.0,30,SOL HUMIDE - PAS IRRIGATION,OFF,OFF,PAS IRRIGATION,PAS IRRIGATION
2026-04-19,05:47:52,86.0,38.5,2.0,30,SOL HUMIDE - PAS IRRIGATION,OFF,OFF,PAS IRRIGATION,PAS IRRIGATION
2026-04-19,05:47:53,86.0,38.5,2.0,30,SOL HUMIDE - PAS IRRIGATION,OFF,OFF,PAS IRRIGATION,PAS IRRIGATION
2026-04-19,05:47:54,86.0,38.5,2.0,30,SOL HUMIDE - PAS IRRIGATION,OFF,OFF,PAS IRRIGATION,PAS IRRIGATION
2026-04-19,05:47:56,86.0,38.5,2.0,30,SOL HUMIDE - PAS IRRIGATION,OFF,OFF,PAS IRRIGATION,PAS IRRIGATION
2026-04-19,05:47:57,86.0,38.5,2.0,30,SOL HUMIDE - PAS IRRIGATION,OFF,OFF,PAS IRRIGATION,PAS IRRIGATION
2026-04-19,05:47:58,86.0,38.5,2.0,30,SOL HUMIDE - PAS IRRIGATION,OFF,OFF,PAS IRRIGATION,PAS IRRIGATION
2026-04-19,05:48:00,86.0,38.5,2.0,30,SOL HUMIDE - PAS IRRIGATION,OFF,OFF,PAS IRRIGATION,PAS IRRIGATION
2026-04-19,05:48:01,86.0,38.5,2.0,30,SOL HUMIDE - PAS IRRIGATION,OFF,OFF,PAS IRRIGATION,PAS IRRIGATION
2026-04-19,05:48:02,86.0,38.5,2.0,30,SOL HUMIDE - PAS IRRIGATION,OFF,OFF,PAS IRRIGATION,PAS IRRIGATION
2026-04-19,05:48:03,86.0,38.5,2.0,30,SOL HUMIDE - PAS IRRIGATION,OFF,OFF,PAS IRRIGATION,PAS IRRIGATION
2026-04-19,05:48:05,86.0,38.5,2.0,30,SOL HUMIDE - PAS IRRIGATION,OFF,OFF,PAS IRRIGATION,PAS IRRIGATION
2026-04-19,05:48:06,86.0,38.5,2.0,30,SOL HUMIDE - PAS IRRIGATION,OFF,OFF,PAS IRRIGATION,PAS IRRIGATION
2026-04-19,05:48:07,86.0,38.5,2.0,30,SOL HUMIDE - PAS IRRIGATION,OFF,OFF,PAS IRRIGATION,PAS IRRIGATION
2026-04-19,05:48:09,86.0,38.5,2.0,30,SOL HUMIDE - PAS IRRIGATION,OFF,OFF,PAS IRRIGATION,PAS IRRIGATION
2026-04-19,05:48:10,86.0,38.5,2.0,30,SOL HUMIDE - PAS IRRIGATION,OFF,OFF,PAS IRRIGATION,PAS IRRIGATION
2026-04-19,05:48:11,86.0,38.5,2.0,30,SOL HUMIDE - PAS IRRIGATION,OFF,OFF,PAS IRRIGATION,PAS IRRIGATION
2026-04-19,05:48:12,86.0,38.5,2.0,30,SOL HUMIDE - PAS IRRIGATION,OFF,OFF,PAS IRRIGATION,PAS IRRIGATION
2026-04-19,05:48:14,86.0,38.5,2.0,30,SOL HUMIDE - PAS IRRIGATION,OFF,OFF,PAS IRRIGATION,PAS IRRIGATION
2026-04-19,05:48:15,86.0,38.5,2.0,30,SOL HUMIDE - PAS IRRIGATION,OFF,OFF,PAS IRRIGATION,PAS IRRIGATION
2026-04-19,05:48:16,86.0,38.5,2.0,30,SOL HUMIDE - PAS IRRIGATION,OFF,OFF,PAS IRRIGATION,PAS IRRIGATION
2026-04-19,05:48:18,86.0,38.5,2.0,30,SOL HUMIDE - PAS IRRIGATION,OFF,OFF,PAS IRRIGATION,PAS IRRIGATION
2026-04-19,05:48:19,86.0,38.5,2.0,30,SOL HUMIDE - PAS IRRIGATION,OFF,OFF,PAS IRRIGATION,PAS IRRIGATION
2026-04-19,05:48:20,86.0,38.5,2.0,30,SOL HUMIDE - PAS IRRIGATION,OFF,OFF,PAS IRRIGATION,PAS IRRIGATION
2026-04-19,05:48:21,86.0,38.5,2.0,30,SOL HUMIDE - PAS IRRIGATION,OFF,OFF,PAS IRRIGATION,PAS IRRIGATION
2026-04-19,05:48:23,86.0,38.5,2.0,30,SOL HUMIDE - PAS IRRIGATION,OFF,OFF,PAS IRRIGATION,PAS IRRIGATION
2026-04-19,05:48:24,86.0,38.5,2.0,30,SOL HUMIDE - PAS IRRIGATION,OFF,OFF,PAS IRRIGATION,PAS IRRIGATION
2026-04-19,05:48:25,86.0,38.5,2.0,30,SOL HUMIDE - PAS IRRIGATION,OFF,OFF,PAS IRRIGATION,PAS IRRIGATION
2026-04-19,05:48:27,86.0,38.5,2.0,30,SOL HUMIDE - PAS IRRIGATION,OFF,OFF,PAS IRRIGATION,PAS IRRIGATION
2026-04-19,05:48:28,86.0,38.5,2.0,30,SOL HUMIDE - PAS IRRIGATION,OFF,OFF,PAS IRRIGATION,PAS IRRIGATION
2026-04-19,05:48:29,86.0,38.5,2.0,30,SOL HUMIDE - PAS IRRIGATION,OFF,OFF,PAS IRRIGATION,PAS IRRIGATION
2026-04-19,05:48:30,86.0,38.5,2.0,30,SOL HUMIDE - PAS IRRIGATION,OFF,OFF,PAS IRRIGATION,PAS IRRIGATION
2026-04-19,05:48:32,86.0,38.5,2.0,30,SOL HUMIDE - PAS IRRIGATION,OFF,OFF,PAS IRRIGATION,PAS IRRIGATION
2026-04-19,05:48:33,86.0,38.5,2.0,30,SOL HUMIDE - PAS IRRIGATION,OFF,OFF,PAS IRRIGATION,PAS IRRIGATION
2026-04-19,05:48:34,86.0,38.5,2.0,30,SOL HUMIDE - PAS IRRIGATION,OFF,OFF,PAS IRRIGATION,PAS IRRIGATION
2026-04-19,05:48:36,85.0,38.5,2.0,30,SOL HUMIDE - PAS IRRIGATION,OFF,OFF,PAS IRRIGATION,PAS IRRIGATION
2026-04-19,05:48:37,76.0,38.5,2.0,30,SOL HUMIDE - PAS IRRIGATION,OFF,OFF,PAS IRRIGATION,PAS IRRIGATION
2026-04-19,05:48:38,52.0,38.5,2.0,55,SOL SEC - IRRIGATION BIENTOT,OFF,OFF,PAS IRRIGATION,PAS IRRIGATION
2026-04-19,05:48:39,27.0,38.5,2.0,80,SOL TRES SEC - IRRIGATION ACTIVEE,ON,ON,IRRIGATION,IRRIGATION
2026-04-19,05:48:48,27.0,38.5,2.0,80,SOL TRES SEC - IRRIGATION ACTIVEE,ON,ON,IRRIGATION,IRRIGATION
2026-04-19,05:48:56,27.0,38.5,2.0,80,SOL TRES SEC - IRRIGATION ACTIVEE,ON,ON,IRRIGATION,IRRIGATION
2026-04-19,05:49:04,27.0,38.5,2.0,80,SOL TRES SEC - IRRIGATION ACTIVEE,ON,ON,IRRIGATION,IRRIGATION
2026-04-19,05:49:12,27.0,38.5,2.0,80,SOL TRES SEC - IRRIGATION ACTIVEE,ON,ON,IRRIGATION,IRRIGATION
2026-04-19,05:49:20,27.0,38.5,2.0,80,SOL TRES SEC - IRRIGATION ACTIVEE,ON,ON,IRRIGATION,IRRIGATION
2026-04-19,05:49:29,27.0,38.5,2.0,80,SOL TRES SEC - IRRIGATION ACTIVEE,ON,ON,IRRIGATION,IRRIGATION
2026-04-19,05:49:37,27.0,38.5,2.0,80,SOL TRES SEC - IRRIGATION ACTIVEE,ON,ON,IRRIGATION,IRRIGATION
2026-04-19,05:49:45,27.0,38.5,2.0,80,SOL TRES SEC - IRRIGATION ACTIVEE,ON,ON,IRRIGATION,IRRIGATION
2026-04-19,05:49:53,27.0,38.5,2.0,80,SOL TRES SEC - IRRIGATION ACTIVEE,ON,ON,IRRIGATION,IRRIGATION
2026-04-19,05:50:01,27.0,38.5,2.0,80,SOL TRES SEC - IRRIGATION ACTIVEE,ON,ON,IRRIGATION,IRRIGATION
2026-04-19,05:50:10,27.0,38.5,2.0,80,SOL TRES SEC - IRRIGATION ACTIVEE,ON,ON,IRRIGATION,IRRIGATION
2026-04-19,05:50:18,27.0,38.5,2.0,80,SOL TRES SEC - IRRIGATION ACTIVEE,ON,ON,IRRIGATION,IRRIGATION
2026-04-19,05:50:26,27.0,38.5,2.0,80,SOL TRES SEC - IRRIGATION ACTIVEE,ON,ON,IRRIGATION,IRRIGATION
2026-04-19,05:50:34,27.0,38.5,2.0,80,SOL TRES SEC - IRRIGATION ACTIVEE,ON,ON,IRRIGATION,IRRIGATION
2026-04-19,05:50:42,76.0,38.5,2.0,30,SOL HUMIDE - PAS IRRIGATION,OFF,OFF,PAS IRRIGATION,PAS IRRIGATION
2026-04-19,05:50:44,76.0,38.5,2.0,30,SOL HUMIDE - PAS IRRIGATION,OFF,OFF,PAS IRRIGATION,PAS IRRIGATION
2026-04-19,05:50:45,76.0,38.5,2.0,30,SOL HUMIDE - PAS IRRIGATION,OFF,OFF,PAS IRRIGATION,PAS IRRIGATION
2026-04-19,05:50:46,76.0,38.5,2.0,30,SOL HUMIDE - PAS IRRIGATION,OFF,OFF,PAS IRRIGATION,PAS IRRIGATION
2026-04-19,05:50:47,76.0,38.5,2.0,30,SOL HUMIDE - PAS IRRIGATION,OFF,OFF,PAS IRRIGATION,PAS IRRIGATION
2026-04-19,05:50:49,76.0,38.5,2.0,30,SOL HUMIDE - PAS IRRIGATION,OFF,OFF,PAS IRRIGATION,PAS IRRIGATION
2026-04-19,05:50:50,76.0,38.5,2.0,30,SOL HUMIDE - PAS IRRIGATION,OFF,OFF,PAS IRRIGATION,PAS IRRIGATION
2026-04-19,05:50:51,76.0,38.5,2.0,30,SOL HUMIDE - PAS IRRIGATION,OFF,OFF,PAS IRRIGATION,PAS IRRIGATION
2026-04-19,05:50:53,76.0,38.5,2.0,30,SOL HUMIDE - PAS IRRIGATION,OFF,OFF,PAS IRRIGATION,PAS IRRIGATION
2026-04-19,06:25:50,76.0,38.5,2.0,30,SOL HUMIDE - PAS IRRIGATION,OFF,OFF,PAS IRRIGATION,PAS IRRIGATION
2026-04-19,06:25:51,76.0,38.5,2.0,30,SOL HUMIDE - PAS IRRIGATION,OFF,OFF,PAS IRRIGATION,PAS IRRIGATION
2026-04-19,06:25:52,76.0,38.5,2.0,30,SOL HUMIDE - PAS IRRIGATION,OFF,OFF,PAS IRRIGATION,PAS IRRIGATION
2026-04-19,06:25:54,76.0,38.5,2.0,30,SOL HUMIDE - PAS IRRIGATION,OFF,OFF,PAS IRRIGATION,PAS IRRIGATION
2026-04-19,06:25:55,76.0,38.5,2.0,30,SOL HUMIDE - PAS IRRIGATION,OFF,OFF,PAS IRRIGATION,PAS IRRIGATION
2026-04-19,06:25:56,76.0,38.5,2.0,30,SOL HUMIDE - PAS IRRIGATION,OFF,OFF,PAS IRRIGATION,PAS IRRIGATION
2026-04-19,06:25:57,76.0,38.5,2.0,30,SOL HUMIDE - PAS IRRIGATION,OFF,OFF,PAS IRRIGATION,PAS IRRIGATION
2026-04-19,06:25:59,76.0,38.5,2.0,30,SOL HUMIDE - PAS IRRIGATION,OFF,OFF,PAS IRRIGATION,PAS IRRIGATION
2026-04-19,06:26:00,76.0,38.5,2.0,30,SOL HUMIDE - PAS IRRIGATION,OFF,OFF,PAS IRRIGATION,PAS IRRIGATION
2026-04-19,06:26:01,76.0,38.5,2.0,30,SOL HUMIDE - PAS IRRIGATION,OFF,OFF,PAS IRRIGATION,PAS IRRIGATION
2026-04-19,06:26:03,76.0,38.5,2.0,30,SOL HUMIDE - PAS IRRIGATION,OFF,OFF,PAS IRRIGATION,PAS IRRIGATION
2026-04-19,06:26:04,76.0,38.5,2.0,30,SOL HUMIDE - PAS IRRIGATION,OFF,OFF,PAS IRRIGATION,PAS IRRIGATION
2026-04-19,06:26:05,76.0,38.5,2.0,30,SOL HUMIDE - PAS IRRIGATION,OFF,OFF,PAS IRRIGATION,PAS IRRIGATION
2026-04-19,06:26:06,76.0,38.5,2.0,30,SOL HUMIDE - PAS IRRIGATION,OFF,OFF,PAS IRRIGATION,PAS IRRIGATION
2026-04-19,06:26:08,76.0,38.5,2.0,30,SOL HUMIDE - PAS IRRIGATION,OFF,OFF,PAS IRRIGATION,PAS IRRIGATION
2026-04-19,06:26:09,76.0,38.5,2.0,30,SOL HUMIDE - PAS IRRIGATION,OFF,OFF,PAS IRRIGATION,PAS IRRIGATION
2026-04-19,06:26:10,76.0,38.5,2.0,30,SOL HUMIDE - PAS IRRIGATION,OFF,OFF,PAS IRRIGATION,PAS IRRIGATION
2026-04-19,06:26:12,76.0,38.5,2.0,30,SOL HUMIDE - PAS IRRIGATION,OFF,OFF,PAS IRRIGATION,PAS IRRIGATION
2026-04-19,06:26:13,76.0,38.5,2.0,30,SOL HUMIDE - PAS IRRIGATION,OFF,OFF,PAS IRRIGATION,PAS IRRIGATION
2026-04-19,06:26:14,76.0,38.5,2.0,30,SOL HUMIDE - PAS IRRIGATION,OFF,OFF,PAS IRRIGATION,PAS IRRIGATION
2026-04-19,06:26:16,76.0,38.5,2.0,30,SOL HUMIDE - PAS IRRIGATION,OFF,OFF,PAS IRRIGATION,PAS IRRIGATION
2026-04-19,06:26:17,76.0,38.5,2.0,30,SOL HUMIDE - PAS IRRIGATION,OFF,OFF,PAS IRRIGATION,PAS IRRIGATION
2026-04-19,06:26:18,76.0,38.5,2.0,30,SOL HUMIDE - PAS IRRIGATION,OFF,OFF,PAS IRRIGATION,PAS IRRIGATION
2026-04-19,06:26:19,76.0,38.5,2.0,30,SOL HUMIDE - PAS IRRIGATION,OFF,OFF,PAS IRRIGATION,PAS IRRIGATION
2026-04-19,06:26:21,76.0,38.5,2.0,30,SOL HUMIDE - PAS IRRIGATION,OFF,OFF,PAS IRRIGATION,PAS IRRIGATION
2026-04-19,06:26:22,76.0,38.5,2.0,30,SOL HUMIDE - PAS IRRIGATION,OFF,OFF,PAS IRRIGATION,PAS IRRIGATION
2026-04-19,06:26:23,76.0,38.5,2.0,30,SOL HUMIDE - PAS IRRIGATION,OFF,OFF,PAS IRRIGATION,PAS IRRIGATION
2026-04-19,06:26:25,76.0,38.5,2.0,30,SOL HUMIDE - PAS IRRIGATION,OFF,OFF,PAS IRRIGATION,PAS IRRIGATION
2026-04-19,06:26:26,76.0,38.5,2.0,30,SOL HUMIDE - PAS IRRIGATION,OFF,OFF,PAS IRRIGATION,PAS IRRIGATION
2026-04-19,06:26:27,76.0,38.5,2.0,30,SOL HUMIDE - PAS IRRIGATION,OFF,OFF,PAS IRRIGATION,PAS IRRIGATION
2026-04-19,06:26:29,76.0,38.5,2.0,30,SOL HUMIDE - PAS IRRIGATION,OFF,OFF,PAS IRRIGATION,PAS IRRIGATION
2026-04-19,06:26:30,76.0,38.5,2.0,30,SOL HUMIDE - PAS IRRIGATION,OFF,OFF,PAS IRRIGATION,PAS IRRIGATION
2026-04-19,06:26:31,76.0,38.5,2.0,30,SOL HUMIDE - PAS IRRIGATION,OFF,OFF,PAS IRRIGATION,PAS IRRIGATION
2026-04-19,06:26:32,76.0,38.5,2.0,30,SOL HUMIDE - PAS IRRIGATION,OFF,OFF,PAS IRRIGATION,PAS IRRIGATION
2026-04-19,06:26:34,76.0,38.5,2.0,30,SOL HUMIDE - PAS IRRIGATION,OFF,OFF,PAS IRRIGATION,PAS IRRIGATION
2026-04-19,06:26:35,76.0,38.5,2.0,30,SOL HUMIDE - PAS IRRIGATION,OFF,OFF,PAS IRRIGATION,PAS IRRIGATION
2026-04-19,06:26:36,76.0,38.5,2.0,30,SOL HUMIDE - PAS IRRIGATION,OFF,OFF,PAS IRRIGATION,PAS IRRIGATION
2026-04-19,06:26:38,76.0,38.5,2.0,30,SOL HUMIDE - PAS IRRIGATION,OFF,OFF,PAS IRRIGATION,PAS IRRIGATION
2026-04-19,06:26:39,76.0,38.5,2.0,30,SOL HUMIDE - PAS IRRIGATION,OFF,OFF,PAS IRRIGATION,PAS IRRIGATION
2026-04-19,06:26:40,76.0,38.5,2.0,30,SOL HUMIDE - PAS IRRIGATION,OFF,OFF,PAS IRRIGATION,PAS IRRIGATION
2026-04-19,06:26:41,76.0,38.5,2.0,30,SOL HUMIDE - PAS IRRIGATION,OFF,OFF,PAS IRRIGATION,PAS IRRIGATION
2026-04-19,06:26:43,76.0,38.5,2.0,30,SOL HUMIDE - PAS IRRIGATION,OFF,OFF,PAS IRRIGATION,PAS IRRIGATION
2026-04-19,06:26:44,76.0,38.5,2.0,30,SOL HUMIDE - PAS IRRIGATION,OFF,OFF,PAS IRRIGATION,PAS IRRIGATION
2026-04-19,06:26:45,76.0,38.5,2.0,30,SOL HUMIDE - PAS IRRIGATION,OFF,OFF,PAS IRRIGATION,PAS IRRIGATION
2026-04-19,06:26:47,76.0,38.5,2.0,30,SOL HUMIDE - PAS IRRIGATION,OFF,OFF,PAS IRRIGATION,PAS IRRIGATION
2026-04-19,06:26:48,76.0,38.5,2.0,30,SOL HUMIDE - PAS IRRIGATION,OFF,OFF,PAS IRRIGATION,PAS IRRIGATION
2026-04-19,06:26:49,76.0,38.5,2.0,30,SOL HUMIDE - PAS IRRIGATION,OFF,OFF,PAS IRRIGATION,PAS IRRIGATION
2026-04-19,06:26:50,76.0,38.5,2.0,30,SOL HUMIDE - PAS IRRIGATION,OFF,OFF,PAS IRRIGATION,PAS IRRIGATION
2026-04-19,06:26:52,76.0,38.5,2.0,30,SOL HUMIDE - PAS IRRIGATION,OFF,OFF,PAS IRRIGATION,PAS IRRIGATION
2026-04-19,06:26:53,76.0,38.5,2.0,30,SOL HUMIDE - PAS IRRIGATION,OFF,OFF,PAS IRRIGATION,PAS IRRIGATION
2026-04-19,06:26:54,76.0,38.5,2.0,30,SOL HUMIDE - PAS IRRIGATION,OFF,OFF,PAS IRRIGATION,PAS IRRIGATION
2026-04-19,06:26:56,76.0,38.5,2.0,30,SOL HUMIDE - PAS IRRIGATION,OFF,OFF,PAS IRRIGATION,PAS IRRIGATION
2026-04-19,06:26:57,76.0,38.5,2.0,30,SOL HUMIDE - PAS IRRIGATION,OFF,OFF,PAS IRRIGATION,PAS IRRIGATION
2026-04-19,06:26:58,76.0,38.5,2.0,30,SOL HUMIDE - PAS IRRIGATION,OFF,OFF,PAS IRRIGATION,PAS IRRIGATION
2026-04-19,06:26:59,76.0,38.5,2.0,30,SOL HUMIDE - PAS IRRIGATION,OFF,OFF,PAS IRRIGATION,PAS IRRIGATION
2026-04-19,06:27:01,76.0,38.5,2.0,30,SOL HUMIDE - PAS IRRIGATION,OFF,OFF,PAS IRRIGATION,PAS IRRIGATION
2026-04-19,06:27:02,76.0,38.5,2.0,30,SOL HUMIDE - PAS IRRIGATION,OFF,OFF,PAS IRRIGATION,PAS IRRIGATION
2026-04-19,06:27:03,76.0,38.5,2.0,30,SOL HUMIDE - PAS IRRIGATION,OFF,OFF,PAS IRRIGATION,PAS IRRIGATION
2026-04-19,06:27:05,76.0,38.5,2.0,30,SOL HUMIDE - PAS IRRIGATION,OFF,OFF,PAS IRRIGATION,PAS IRRIGATION
2026-04-19,06:27:06,76.0,38.5,2.0,30,SOL HUMIDE - PAS IRRIGATION,OFF,OFF,PAS IRRIGATION,PAS IRRIGATION
2026-04-19,06:27:07,76.0,38.5,2.0,30,SOL HUMIDE - PAS IRRIGATION,OFF,OFF,PAS IRRIGATION,PAS IRRIGATION
2026-04-19,06:27:09,76.0,38.5,2.0,30,SOL HUMIDE - PAS IRRIGATION,OFF,OFF,PAS IRRIGATION,PAS IRRIGATION
2026-04-19,06:27:10,76.0,38.5,2.0,30,SOL HUMIDE - PAS IRRIGATION,OFF,OFF,PAS IRRIGATION,PAS IRRIGATION
2026-04-19,06:27:11,76.0,38.5,2.0,30,SOL HUMIDE - PAS IRRIGATION,OFF,OFF,PAS IRRIGATION,PAS IRRIGATION
2026-04-19,06:27:12,76.0,38.5,2.0,30,SOL HUMIDE - PAS IRRIGATION,OFF,OFF,PAS IRRIGATION,PAS IRRIGATION
2026-04-19,06:27:14,76.0,38.5,2.0,30,SOL HUMIDE - PAS IRRIGATION,OFF,OFF,PAS IRRIGATION,PAS IRRIGATION
2026-04-19,06:27:15,76.0,39.0,2.0,30,SOL HUMIDE - PAS IRRIGATION,OFF,OFF,PAS IRRIGATION,PAS IRRIGATION
2026-04-19,06:27:16,76.0,42.5,2.0,30,SOL HUMIDE - PAS IRRIGATION,OFF,OFF,PAS IRRIGATION,PAS IRRIGATION
2026-04-19,06:27:18,76.0,48.5,2.0,30,SOL HUMIDE - PAS IRRIGATION,OFF,OFF,PAS IRRIGATION,PAS IRRIGATION
2026-04-19,06:27:19,76.0,48.5,2.0,30,SOL HUMIDE - PAS IRRIGATION,OFF,OFF,PAS IRRIGATION,PAS IRRIGATION
2026-04-19,06:27:20,76.0,48.5,6.0,30,SOL HUMIDE - PAS IRRIGATION,OFF,OFF,PAS IRRIGATION,PAS IRRIGATION
2026-04-19,06:27:21,76.0,48.5,18.0,30,SOL HUMIDE - PAS IRRIGATION,OFF,OFF,PAS IRRIGATION,PAS IRRIGATION
2026-04-19,06:27:23,76.0,48.5,50.0,30,SOL HUMIDE - PAS IRRIGATION,OFF,OFF,PAS IRRIGATION,PAS IRRIGATION
2026-04-19,06:27:24,76.0,48.5,50.0,30,SOL HUMIDE - PAS IRRIGATION,OFF,OFF,PAS IRRIGATION,PAS IRRIGATION
2026-04-19,06:27:25,76.0,48.5,50.0,30,SOL HUMIDE - PAS IRRIGATION,OFF,OFF,PAS IRRIGATION,PAS IRRIGATION
2026-04-19,06:27:27,76.0,48.5,50.0,30,SOL HUMIDE - PAS IRRIGATION,OFF,OFF,PAS IRRIGATION,PAS IRRIGATION
2026-04-19,06:27:28,76.0,48.5,50.0,30,SOL HUMIDE - PAS IRRIGATION,OFF,OFF,PAS IRRIGATION,PAS IRRIGATION
2026-04-19,06:27:29,71.0,48.5,50.0,30,SOL HUMIDE - PAS IRRIGATION,OFF,OFF,PAS IRRIGATION,PAS IRRIGATION
2026-04-19,06:27:31,57.0,48.5,50.0,55,SOL SEC - IRRIGATION BIENTOT,OFF,OFF,PAS IRRIGATION,PAS IRRIGATION
2026-04-19,06:27:32,21.0,48.5,50.0,80,SOL TRES SEC - IRRIGATION ACTIVEE,ON,ON,IRRIGATION,IRRIGATION
2026-04-19,06:27:40,18.0,48.5,50.0,80,SOL TRES SEC - IRRIGATION ACTIVEE,ON,ON,IRRIGATION,IRRIGATION
2026-04-19,06:27:48,18.0,48.5,50.0,80,SOL TRES SEC - IRRIGATION ACTIVEE,ON,ON,IRRIGATION,IRRIGATION
2026-04-19,06:27:57,18.0,48.5,50.0,80,SOL TRES SEC - IRRIGATION ACTIVEE,ON,ON,IRRIGATION,IRRIGATION
2026-04-19,06:28:05,18.0,48.5,50.0,80,SOL TRES SEC - IRRIGATION ACTIVEE,ON,ON,IRRIGATION,IRRIGATION
2026-04-19,06:28:13,18.0,48.5,50.0,80,SOL TRES SEC - IRRIGATION ACTIVEE,ON,ON,IRRIGATION,IRRIGATION
2026-04-19,06:28:21,18.0,48.5,44.0,80,SOL TRES SEC - IRRIGATION ACTIVEE,ON,ON,IRRIGATION,IRRIGATION
2026-04-19,06:28:29,18.0,48.5,2.0,80,SOL TRES SEC - IRRIGATION ACTIVEE,ON,ON,IRRIGATION,IRRIGATION
2026-04-19,06:28:38,18.0,48.5,2.0,80,SOL TRES SEC - IRRIGATION ACTIVEE,ON,ON,IRRIGATION,IRRIGATION
2026-04-19,06:28:46,18.0,48.5,2.0,80,SOL TRES SEC - IRRIGATION ACTIVEE,ON,ON,IRRIGATION,IRRIGATION
2026-04-19,06:28:54,18.0,48.5,2.0,80,SOL TRES SEC - IRRIGATION ACTIVEE,ON,ON,IRRIGATION,IRRIGATION
2026-04-19,06:29:02,18.0,48.5,2.0,80,SOL TRES SEC - IRRIGATION ACTIVEE,ON,ON,IRRIGATION,IRRIGATION
2026-04-19,06:29:10,18.0,48.5,2.0,80,SOL TRES SEC - IRRIGATION ACTIVEE,ON,ON,IRRIGATION,IRRIGATION
2026-04-19,06:29:18,18.0,48.5,2.0,80,SOL TRES SEC - IRRIGATION ACTIVEE,ON,ON,IRRIGATION,IRRIGATION
2026-04-19,06:29:27,18.0,48.5,2.0,80,SOL TRES SEC - IRRIGATION ACTIVEE,ON,ON,IRRIGATION,IRRIGATION
2026-04-19,06:29:35,18.0,48.5,2.0,80,SOL TRES SEC - IRRIGATION ACTIVEE,ON,ON,IRRIGATION,IRRIGATION
2026-04-19,06:29:43,32.0,48.5,2.0,80,SOL TRES SEC - IRRIGATION ACTIVEE,ON,ON,IRRIGATION,IRRIGATION
2026-04-19,06:29:51,79.0,48.5,2.0,30,SOL HUMIDE - PAS IRRIGATION,OFF,OFF,PAS IRRIGATION,PAS IRRIGATION
2026-04-19,06:29:52,80.0,48.5,2.0,30,SOL HUMIDE - PAS IRRIGATION,OFF,OFF,PAS IRRIGATION,PAS IRRIGATION
2026-04-19,06:29:54,80.0,48.5,2.0,30,SOL HUMIDE - PAS IRRIGATION,OFF,OFF,PAS IRRIGATION,PAS IRRIGATION
2026-04-19,06:29:55,80.0,48.5,2.0,30,SOL HUMIDE - PAS IRRIGATION,OFF,OFF,PAS IRRIGATION,PAS IRRIGATION
2026-04-19,06:29:56,80.0,48.5,2.0,30,SOL HUMIDE - PAS IRRIGATION,OFF,OFF,PAS IRRIGATION,PAS IRRIGATION
2026-04-19,06:29:58,80.0,48.5,2.0,30,SOL HUMIDE - PAS IRRIGATION,OFF,OFF,PAS IRRIGATION,PAS IRRIGATION
2026-04-19,06:29:59,80.0,48.5,2.0,30,SOL HUMIDE - PAS IRRIGATION,OFF,OFF,PAS IRRIGATION,PAS IRRIGATION
2026-04-19,06:30:00,80.0,48.5,2.0,30,SOL HUMIDE - PAS IRRIGATION,OFF,OFF,PAS IRRIGATION,PAS IRRIGATION
2026-04-19,06:30:01,80.0,48.5,2.0,30,SOL HUMIDE - PAS IRRIGATION,OFF,OFF,PAS IRRIGATION,PAS IRRIGATION
2026-04-19,06:30:03,80.0,48.5,2.0,30,SOL HUMIDE - PAS IRRIGATION,OFF,OFF,PAS IRRIGATION,PAS IRRIGATION
2026-04-19,06:30:04,80.0,48.5,2.0,30,SOL HUMIDE - PAS IRRIGATION,OFF,OFF,PAS IRRIGATION,PAS IRRIGATION
2026-04-19,06:30:05,80.0,48.5,2.0,30,SOL HUMIDE - PAS IRRIGATION,OFF,OFF,PAS IRRIGATION,PAS IRRIGATION
2026-04-19,06:30:07,80.0,48.5,2.0,30,SOL HUMIDE - PAS IRRIGATION,OFF,OFF,PAS IRRIGATION,PAS IRRIGATION
2026-04-19,06:30:08,80.0,48.5,2.0,30,SOL HUMIDE - PAS IRRIGATION,OFF,OFF,PAS IRRIGATION,PAS IRRIGATION
2026-04-19,06:30:09,80.0,48.5,2.0,30,SOL HUMIDE - PAS IRRIGATION,OFF,OFF,PAS IRRIGATION,PAS IRRIGATION
2026-04-19,06:30:10,80.0,48.5,2.0,30,SOL HUMIDE - PAS IRRIGATION,OFF,OFF,PAS IRRIGATION,PAS IRRIGATION
2026-04-19,06:30:12,80.0,48.5,2.0,30,SOL HUMIDE - PAS IRRIGATION,OFF,OFF,PAS IRRIGATION,PAS IRRIGATION
2026-04-19,06:30:13,80.0,48.5,2.0,30,SOL HUMIDE - PAS IRRIGATION,OFF,OFF,PAS IRRIGATION,PAS IRRIGATION
2026-04-19,06:30:14,80.0,48.5,2.0,30,SOL HUMIDE - PAS IRRIGATION,OFF,OFF,PAS IRRIGATION,PAS IRRIGATION
2026-04-19,06:30:16,80.0,48.5,2.0,30,SOL HUMIDE - PAS IRRIGATION,OFF,OFF,PAS IRRIGATION,PAS IRRIGATION
2026-04-19,06:30:17,80.0,48.5,2.0,30,SOL HUMIDE - PAS IRRIGATION,OFF,OFF,PAS IRRIGATION,PAS IRRIGATION
2026-04-19,06:30:18,80.0,48.5,2.0,30,SOL HUMIDE - PAS IRRIGATION,OFF,OFF,PAS IRRIGATION,PAS IRRIGATION
2026-04-19,06:30:20,80.0,48.5,2.0,30,SOL HUMIDE - PAS IRRIGATION,OFF,OFF,PAS IRRIGATION,PAS IRRIGATION
2026-04-19,06:30:21,80.0,48.5,2.0,30,SOL HUMIDE - PAS IRRIGATION,OFF,OFF,PAS IRRIGATION,PAS IRRIGATION
2026-04-19,06:30:22,80.0,48.5,2.0,30,SOL HUMIDE - PAS IRRIGATION,OFF,OFF,PAS IRRIGATION,PAS IRRIGATION
2026-04-19,06:30:23,80.0,48.5,2.0,30,SOL HUMIDE - PAS IRRIGATION,OFF,OFF,PAS IRRIGATION,PAS IRRIGATION
2026-04-19,06:30:25,80.0,48.5,2.0,30,SOL HUMIDE - PAS IRRIGATION,OFF,OFF,PAS IRRIGATION,PAS IRRIGATION
2026-04-19,06:30:26,80.0,48.5,2.0,30,SOL HUMIDE - PAS IRRIGATION,OFF,OFF,PAS IRRIGATION,PAS IRRIGATION
2026-04-19,06:30:27,80.0,48.5,2.0,30,SOL HUMIDE - PAS IRRIGATION,OFF,OFF,PAS IRRIGATION,PAS IRRIGATION
2026-04-19,06:30:29,80.0,48.5,2.0,30,SOL HUMIDE - PAS IRRIGATION,OFF,OFF,PAS IRRIGATION,PAS IRRIGATION
2026-04-19,06:30:30,80.0,48.5,2.0,30,SOL HUMIDE - PAS IRRIGATION,OFF,OFF,PAS IRRIGATION,PAS IRRIGATION
2026-04-19,06:30:31,80.0,48.5,2.0,30,SOL HUMIDE - PAS IRRIGATION,OFF,OFF,PAS IRRIGATION,PAS IRRIGATION
2026-04-19,06:30:32,80.0,48.5,2.0,30,SOL HUMIDE - PAS IRRIGATION,OFF,OFF,PAS IRRIGATION,PAS IRRIGATION
2026-04-19,06:30:34,80.0,48.5,2.0,30,SOL HUMIDE - PAS IRRIGATION,OFF,OFF,PAS IRRIGATION,PAS IRRIGATION
2026-04-19,06:30:35,80.0,48.5,2.0,30,SOL HUMIDE - PAS IRRIGATION,OFF,OFF,PAS IRRIGATION,PAS IRRIGATION
2026-04-19,06:30:36,80.0,48.5,2.0,30,SOL HUMIDE - PAS IRRIGATION,OFF,OFF,PAS IRRIGATION,PAS IRRIGATION
2026-04-19,06:30:38,80.0,48.5,2.0,30,SOL HUMIDE - PAS IRRIGATION,OFF,OFF,PAS IRRIGATION,PAS IRRIGATION
2026-04-19,06:30:39,80.0,48.5,2.0,30,SOL HUMIDE - PAS IRRIGATION,OFF,OFF,PAS IRRIGATION,PAS IRRIGATION
2026-04-19,06:30:40,80.0,48.5,2.0,30,SOL HUMIDE - PAS IRRIGATION,OFF,OFF,PAS IRRIGATION,PAS IRRIGATION
2026-04-19,06:30:42,80.0,48.5,2.0,30,SOL HUMIDE - PAS IRRIGATION,OFF,OFF,PAS IRRIGATION,PAS IRRIGATION
2026-04-19,06:30:43,80.0,48.5,2.0,30,SOL HUMIDE - PAS IRRIGATION,OFF,OFF,PAS IRRIGATION,PAS IRRIGATION
2026-04-19,06:30:44,80.0,48.5,2.0,30,SOL HUMIDE - PAS IRRIGATION,OFF,OFF,PAS IRRIGATION,PAS IRRIGATION
2026-04-19,06:30:45,80.0,48.5,2.0,30,SOL HUMIDE - PAS IRRIGATION,OFF,OFF,PAS IRRIGATION,PAS IRRIGATION
2026-04-19,06:30:47,80.0,48.5,2.0,30,SOL HUMIDE - PAS IRRIGATION,OFF,OFF,PAS IRRIGATION,PAS IRRIGATION
2026-04-19,06:30:48,80.0,48.5,2.0,30,SOL HUMIDE - PAS IRRIGATION,OFF,OFF,PAS IRRIGATION,PAS IRRIGATION
2026-04-19,06:30:49,80.0,48.5,2.0,30,SOL HUMIDE - PAS IRRIGATION,OFF,OFF,PAS IRRIGATION,PAS IRRIGATION
2026-04-19,06:30:51,80.0,48.5,2.0,30,SOL HUMIDE - PAS IRRIGATION,OFF,OFF,PAS IRRIGATION,PAS IRRIGATION
2026-04-19,06:30:52,80.0,48.5,2.0,30,SOL HUMIDE - PAS IRRIGATION,OFF,OFF,PAS IRRIGATION,PAS IRRIGATION
2026-04-19,06:30:53,80.0,48.5,2.0,30,SOL HUMIDE - PAS IRRIGATION,OFF,OFF,PAS IRRIGATION,PAS IRRIGATION
2026-04-19,06:30:54,80.0,48.5,2.0,30,SOL HUMIDE - PAS IRRIGATION,OFF,OFF,PAS IRRIGATION,PAS IRRIGATION
2026-04-19,06:30:56,80.0,48.5,2.0,30,SOL HUMIDE - PAS IRRIGATION,OFF,OFF,PAS IRRIGATION,PAS IRRIGATION
2026-04-19,06:30:57,80.0,48.5,2.0,30,SOL HUMIDE - PAS IRRIGATION,OFF,OFF,PAS IRRIGATION,PAS IRRIGATION
2026-04-19,06:30:58,80.0,48.5,2.0,30,SOL HUMIDE - PAS IRRIGATION,OFF,OFF,PAS IRRIGATION,PAS IRRIGATION
2026-04-19,06:31:00,80.0,48.5,2.0,30,SOL HUMIDE - PAS IRRIGATION,OFF,OFF,PAS IRRIGATION,PAS IRRIGATION
2026-04-19,06:31:01,80.0,48.5,2.0,30,SOL HUMIDE - PAS IRRIGATION,OFF,OFF,PAS IRRIGATION,PAS IRRIGATION
2026-04-19,06:31:02,80.0,48.5,2.0,30,SOL HUMIDE - PAS IRRIGATION,OFF,OFF,PAS IRRIGATION,PAS IRRIGATION
2026-04-19,06:31:03,80.0,48.5,2.0,30,SOL HUMIDE - PAS IRRIGATION,OFF,OFF,PAS IRRIGATION,PAS IRRIGATION
2026-04-19,06:31:05,80.0,48.5,2.0,30,SOL HUMIDE - PAS IRRIGATION,OFF,OFF,PAS IRRIGATION,PAS IRRIGATION
2026-04-19,06:31:06,80.0,48.5,2.0,30,SOL HUMIDE - PAS IRRIGATION,OFF,OFF,PAS IRRIGATION,PAS IRRIGATION
2026-04-19,06:31:07,80.0,48.5,2.0,30,SOL HUMIDE - PAS IRRIGATION,OFF,OFF,PAS IRRIGATION,PAS IRRIGATION
2026-04-19,06:31:09,80.0,45.5,2.0,30,SOL HUMIDE - PAS IRRIGATION,OFF,OFF,PAS IRRIGATION,PAS IRRIGATION
2026-04-19,06:31:10,80.0,38.0,2.0,30,SOL HUMIDE - PAS IRRIGATION,OFF,OFF,PAS IRRIGATION,PAS IRRIGATION
2026-04-19,06:31:11,80.0,32.5,2.0,30,SOL HUMIDE - PAS IRRIGATION,OFF,OFF,PAS IRRIGATION,PAS IRRIGATION
2026-04-19,06:31:13,80.0,30.5,2.0,30,SOL HUMIDE - PAS IRRIGATION,OFF,OFF,PAS IRRIGATION,PAS IRRIGATION
2026-04-19,06:31:14,80.0,30.5,2.0,30,SOL HUMIDE - PAS IRRIGATION,OFF,OFF,PAS IRRIGATION,PAS IRRIGATION
2026-04-19,06:31:15,80.0,30.5,2.0,30,SOL HUMIDE - PAS IRRIGATION,OFF,OFF,PAS IRRIGATION,PAS IRRIGATION
2026-04-19,06:31:16,80.0,30.5,2.0,30,SOL HUMIDE - PAS IRRIGATION,OFF,OFF,PAS IRRIGATION,PAS IRRIGATION
2026-04-19,06:31:18,80.0,30.5,2.0,30,SOL HUMIDE - PAS IRRIGATION,OFF,OFF,PAS IRRIGATION,PAS IRRIGATION
2026-04-19,06:31:19,80.0,30.5,2.0,30,SOL HUMIDE - PAS IRRIGATION,OFF,OFF,PAS IRRIGATION,PAS IRRIGATION
2026-04-19,06:31:20,80.0,30.5,2.0,30,SOL HUMIDE - PAS IRRIGATION,OFF,OFF,PAS IRRIGATION,PAS IRRIGATION
2026-04-19,06:31:22,80.0,30.5,2.0,30,SOL HUMIDE - PAS IRRIGATION,OFF,OFF,PAS IRRIGATION,PAS IRRIGATION
2026-04-19,06:31:23,80.0,30.5,2.0,30,SOL HUMIDE - PAS IRRIGATION,OFF,OFF,PAS IRRIGATION,PAS IRRIGATION
2026-04-19,06:31:24,80.0,30.5,2.0,30,SOL HUMIDE - PAS IRRIGATION,OFF,OFF,PAS IRRIGATION,PAS IRRIGATION
2026-04-19,06:31:25,80.0,30.5,2.0,30,SOL HUMIDE - PAS IRRIGATION,OFF,OFF,PAS IRRIGATION,PAS IRRIGATION
2026-04-19,06:31:27,80.0,30.5,2.0,30,SOL HUMIDE - PAS IRRIGATION,OFF,OFF,PAS IRRIGATION,PAS IRRIGATION
2026-04-19,06:31:28,80.0,30.5,3.0,30,SOL HUMIDE - PAS IRRIGATION,OFF,OFF,PAS IRRIGATION,PAS IRRIGATION
2026-04-19,06:31:29,80.0,30.5,14.0,30,SOL HUMIDE - PAS IRRIGATION,OFF,OFF,PAS IRRIGATION,PAS IRRIGATION
2026-04-19,06:31:31,80.0,30.5,18.0,30,SOL HUMIDE - PAS IRRIGATION,OFF,OFF,PAS IRRIGATION,PAS IRRIGATION
2026-04-19,06:31:32,80.0,30.5,25.0,30,SOL HUMIDE - PAS IRRIGATION,OFF,OFF,PAS IRRIGATION,PAS IRRIGATION
2026-04-19,06:31:33,80.0,30.5,28.0,30,SOL HUMIDE - PAS IRRIGATION,OFF,OFF,PAS IRRIGATION,PAS IRRIGATION
2026-04-19,06:31:35,80.0,30.5,31.0,30,SOL HUMIDE - PAS IRRIGATION,OFF,OFF,PAS IRRIGATION,PAS IRRIGATION
2026-04-19,06:31:36,80.0,30.5,35.0,30,SOL HUMIDE - PAS IRRIGATION,OFF,OFF,PAS IRRIGATION,PAS IRRIGATION
2026-04-19,06:31:37,80.0,30.5,35.0,30,SOL HUMIDE - PAS IRRIGATION,OFF,OFF,PAS IRRIGATION,PAS IRRIGATION
2026-04-19,06:31:38,80.0,30.5,35.0,30,SOL HUMIDE - PAS IRRIGATION,OFF,OFF,PAS IRRIGATION,PAS IRRIGATION
2026-04-19,06:31:40,80.0,30.5,35.0,30,SOL HUMIDE - PAS IRRIGATION,OFF,OFF,PAS IRRIGATION,PAS IRRIGATION
2026-04-19,06:31:41,80.0,30.0,35.0,15,SOL HUMIDE - PAS IRRIGATION,OFF,OFF,PAS IRRIGATION,PAS IRRIGATION
2026-04-19,06:31:42,80.0,27.0,35.0,15,SOL HUMIDE - PAS IRRIGATION,OFF,OFF,PAS IRRIGATION,PAS IRRIGATION
2026-04-19,06:31:44,80.0,24.5,35.0,0,SOL HUMIDE - PAS IRRIGATION,OFF,OFF,PAS IRRIGATION,PAS IRRIGATION
2026-04-19,06:31:45,80.0,24.0,35.0,0,SOL HUMIDE - PAS IRRIGATION,OFF,OFF,PAS IRRIGATION,PAS IRRIGATION
2026-04-19,06:31:46,80.0,24.0,35.0,0,SOL HUMIDE - PAS IRRIGATION,OFF,OFF,PAS IRRIGATION,PAS IRRIGATION
2026-04-19,06:31:48,80.0,24.0,35.0,0,SOL HUMIDE - PAS IRRIGATION,OFF,OFF,PAS IRRIGATION,PAS IRRIGATION
2026-04-19,06:31:49,80.0,24.0,35.0,0,SOL HUMIDE - PAS IRRIGATION,OFF,OFF,PAS IRRIGATION,PAS IRRIGATION
2026-04-19,06:31:50,80.0,24.0,35.0,0,SOL HUMIDE - PAS IRRIGATION,OFF,OFF,PAS IRRIGATION,PAS IRRIGATION
2026-04-19,06:31:51,80.0,24.0,35.0,0,SOL HUMIDE - PAS IRRIGATION,OFF,OFF,PAS IRRIGATION,PAS IRRIGATION
2026-04-19,06:31:53,80.0,24.0,35.0,0,SOL HUMIDE - PAS IRRIGATION,OFF,OFF,PAS IRRIGATION,PAS IRRIGATION
2026-04-19,06:31:54,80.0,24.0,35.0,0,SOL HUMIDE - PAS IRRIGATION,OFF,OFF,PAS IRRIGATION,PAS IRRIGATION
2026-04-19,06:31:55,80.0,24.0,35.0,0,SOL HUMIDE - PAS IRRIGATION,OFF,OFF,PAS IRRIGATION,PAS IRRIGATION
2026-04-19,06:31:57,80.0,24.0,35.0,0,SOL HUMIDE - PAS IRRIGATION,OFF,OFF,PAS IRRIGATION,PAS IRRIGATION
2026-04-19,06:31:58,80.0,24.0,35.0,0,SOL HUMIDE - PAS IRRIGATION,OFF,OFF,PAS IRRIGATION,PAS IRRIGATION
2026-04-19,06:31:59,80.0,24.0,35.0,0,SOL HUMIDE - PAS IRRIGATION,OFF,OFF,PAS IRRIGATION,PAS IRRIGATION
2026-04-19,06:32:00,80.0,24.0,35.0,0,SOL HUMIDE - PAS IRRIGATION,OFF,OFF,PAS IRRIGATION,PAS IRRIGATION
2026-04-19,06:32:02,80.0,24.0,35.0,0,SOL HUMIDE - PAS IRRIGATION,OFF,OFF,PAS IRRIGATION,PAS IRRIGATION
2026-04-19,06:32:03,80.0,24.0,35.0,0,SOL HUMIDE - PAS IRRIGATION,OFF,OFF,PAS IRRIGATION,PAS IRRIGATION
2026-04-19,06:32:04,80.0,24.0,35.0,0,SOL HUMIDE - PAS IRRIGATION,OFF,OFF,PAS IRRIGATION,PAS IRRIGATION
2026-04-19,06:32:06,80.0,24.0,35.0,0,SOL HUMIDE - PAS IRRIGATION,OFF,OFF,PAS IRRIGATION,PAS IRRIGATION
2026-04-19,06:32:07,80.0,24.0,35.0,0,SOL HUMIDE - PAS IRRIGATION,OFF,OFF,PAS IRRIGATION,PAS IRRIGATION
2026-04-19,06:32:08,79.0,24.0,35.0,0,SOL HUMIDE - PAS IRRIGATION,OFF,OFF,PAS IRRIGATION,PAS IRRIGATION
2026-04-19,06:32:09,72.0,24.0,35.0,0,SOL HUMIDE - PAS IRRIGATION,OFF,OFF,PAS IRRIGATION,PAS IRRIGATION
2026-04-19,06:32:11,56.0,24.0,35.0,25,SOL HUMIDE - PAS IRRIGATION,OFF,OFF,PAS IRRIGATION,PAS IRRIGATION
2026-04-19,06:32:12,56.0,24.0,35.0,25,SOL HUMIDE - PAS IRRIGATION,OFF,OFF,PAS IRRIGATION,PAS IRRIGATION
2026-04-19,06:32:13,56.0,24.0,35.0,25,SOL HUMIDE - PAS IRRIGATION,OFF,OFF,PAS IRRIGATION,PAS IRRIGATION
2026-04-19,06:32:15,56.0,24.0,35.0,25,SOL HUMIDE - PAS IRRIGATION,OFF,OFF,PAS IRRIGATION,PAS IRRIGATION
2026-04-19,06:32:16,56.0,24.0,35.0,25,SOL HUMIDE - PAS IRRIGATION,OFF,OFF,PAS IRRIGATION,PAS IRRIGATION
2026-04-19,06:32:17,56.0,24.0,35.0,25,SOL HUMIDE - PAS IRRIGATION,OFF,OFF,PAS IRRIGATION,PAS IRRIGATION
2026-04-19,06:32:18,56.0,24.0,35.0,25,SOL HUMIDE - PAS IRRIGATION,OFF,OFF,PAS IRRIGATION,PAS IRRIGATION
2026-04-19,06:32:20,56.0,24.0,35.0,25,SOL HUMIDE - PAS IRRIGATION,OFF,OFF,PAS IRRIGATION,PAS IRRIGATION
2026-04-19,06:32:21,56.0,24.0,35.0,25,SOL HUMIDE - PAS IRRIGATION,OFF,OFF,PAS IRRIGATION,PAS IRRIGATION
2026-04-19,06:32:22,56.0,24.0,35.0,25,SOL HUMIDE - PAS IRRIGATION,OFF,OFF,PAS IRRIGATION,PAS IRRIGATION
2026-04-19,06:32:24,56.0,24.0,35.0,25,SOL HUMIDE - PAS IRRIGATION,OFF,OFF,PAS IRRIGATION,PAS IRRIGATION
2026-04-19,06:32:25,56.0,24.0,35.0,25,SOL HUMIDE - PAS IRRIGATION,OFF,OFF,PAS IRRIGATION,PAS IRRIGATION
2026-04-19,06:32:26,56.0,24.0,35.0,25,SOL HUMIDE - PAS IRRIGATION,OFF,OFF,PAS IRRIGATION,PAS IRRIGATION
2026-04-19,06:32:28,56.0,24.0,35.0,25,SOL HUMIDE - PAS IRRIGATION,OFF,OFF,PAS IRRIGATION,PAS IRRIGATION
2026-04-19,06:32:29,56.0,24.0,35.0,25,SOL HUMIDE - PAS IRRIGATION,OFF,OFF,PAS IRRIGATION,PAS IRRIGATION
2026-04-19,06:32:30,56.0,24.0,35.0,25,SOL HUMIDE - PAS IRRIGATION,OFF,OFF,PAS IRRIGATION,PAS IRRIGATION
2026-04-19,06:32:31,56.0,24.0,35.0,25,SOL HUMIDE - PAS IRRIGATION,OFF,OFF,PAS IRRIGATION,PAS IRRIGATION
2026-04-19,06:32:33,56.0,24.0,35.0,25,SOL HUMIDE - PAS IRRIGATION,OFF,OFF,PAS IRRIGATION,PAS IRRIGATION
2026-04-19,06:32:34,56.0,24.0,35.0,25,SOL HUMIDE - PAS IRRIGATION,OFF,OFF,PAS IRRIGATION,PAS IRRIGATION
2026-04-19,06:32:35,56.0,24.0,35.0,25,SOL HUMIDE - PAS IRRIGATION,OFF,OFF,PAS IRRIGATION,PAS IRRIGATION
2026-04-19,06:32:37,56.0,24.0,35.0,25,SOL HUMIDE - PAS IRRIGATION,OFF,OFF,PAS IRRIGATION,PAS IRRIGATION
2026-04-19,06:32:38,56.0,24.0,35.0,25,SOL HUMIDE - PAS IRRIGATION,OFF,OFF,PAS IRRIGATION,PAS IRRIGATION
2026-04-19,06:32:39,56.0,24.0,35.0,25,SOL HUMIDE - PAS IRRIGATION,OFF,OFF,PAS IRRIGATION,PAS IRRIGATION
2026-04-19,06:32:41,56.0,24.0,35.0,25,SOL HUMIDE - PAS IRRIGATION,OFF,OFF,PAS IRRIGATION,PAS IRRIGATION
2026-04-19,06:32:42,56.0,24.0,35.0,25,SOL HUMIDE - PAS IRRIGATION,OFF,OFF,PAS IRRIGATION,PAS IRRIGATION
2026-04-19,06:32:43,56.0,24.0,35.0,25,SOL HUMIDE - PAS IRRIGATION,OFF,OFF,PAS IRRIGATION,PAS IRRIGATION
2026-04-19,06:32:45,56.0,24.0,35.0,25,SOL HUMIDE - PAS IRRIGATION,OFF,OFF,PAS IRRIGATION,PAS IRRIGATION
2026-04-19,06:32:46,56.0,24.0,35.0,25,SOL HUMIDE - PAS IRRIGATION,OFF,OFF,PAS IRRIGATION,PAS IRRIGATION
2026-04-19,06:32:47,56.0,24.0,35.0,25,SOL HUMIDE - PAS IRRIGATION,OFF,OFF,PAS IRRIGATION,PAS IRRIGATION
2026-04-19,06:32:48,56.0,24.0,35.0,25,SOL HUMIDE - PAS IRRIGATION,OFF,OFF,PAS IRRIGATION,PAS IRRIGATION
2026-04-19,06:32:50,56.0,24.0,35.0,25,SOL HUMIDE - PAS IRRIGATION,OFF,OFF,PAS IRRIGATION,PAS IRRIGATION
2026-04-19,06:32:51,56.0,24.0,35.0,25,SOL HUMIDE - PAS IRRIGATION,OFF,OFF,PAS IRRIGATION,PAS IRRIGATION
2026-04-19,06:32:52,56.0,24.0,35.0,25,SOL HUMIDE - PAS IRRIGATION,OFF,OFF,PAS IRRIGATION,PAS IRRIGATION
2026-04-19,06:32:54,56.0,24.0,35.0,25,SOL HUMIDE - PAS IRRIGATION,OFF,OFF,PAS IRRIGATION,PAS IRRIGATION
2026-04-19,06:32:55,56.0,24.0,35.0,25,SOL HUMIDE - PAS IRRIGATION,OFF,OFF,PAS IRRIGATION,PAS IRRIGATION
2026-04-19,06:32:56,56.0,24.0,35.0,25,SOL HUMIDE - PAS IRRIGATION,OFF,OFF,PAS IRRIGATION,PAS IRRIGATION
2026-04-19,06:32:57,56.0,24.0,35.0,25,SOL HUMIDE - PAS IRRIGATION,OFF,OFF,PAS IRRIGATION,PAS IRRIGATION
2026-04-19,06:32:59,56.0,24.0,35.0,25,SOL HUMIDE - PAS IRRIGATION,OFF,OFF,PAS IRRIGATION,PAS IRRIGATION
2026-04-19,06:33:00,56.0,24.0,35.0,25,SOL HUMIDE - PAS IRRIGATION,OFF,OFF,PAS IRRIGATION,PAS IRRIGATION
2026-04-19,06:33:01,56.0,24.0,35.0,25,SOL HUMIDE - PAS IRRIGATION,OFF,OFF,PAS IRRIGATION,PAS IRRIGATION
2026-04-19,06:33:03,56.0,24.0,35.0,25,SOL HUMIDE - PAS IRRIGATION,OFF,OFF,PAS IRRIGATION,PAS IRRIGATION
2026-04-19,06:33:04,56.0,24.0,35.0,25,SOL HUMIDE - PAS IRRIGATION,OFF,OFF,PAS IRRIGATION,PAS IRRIGATION
2026-04-19,06:33:05,56.0,24.0,35.0,25,SOL HUMIDE - PAS IRRIGATION,OFF,OFF,PAS IRRIGATION,PAS IRRIGATION
2026-04-19,06:33:07,56.0,24.0,35.0,25,SOL HUMIDE - PAS IRRIGATION,OFF,OFF,PAS IRRIGATION,PAS IRRIGATION
2026-04-19,06:33:08,56.0,24.0,35.0,25,SOL HUMIDE - PAS IRRIGATION,OFF,OFF,PAS IRRIGATION,PAS IRRIGATION
2026-04-19,06:33:09,56.0,24.0,35.0,25,SOL HUMIDE - PAS IRRIGATION,OFF,OFF,PAS IRRIGATION,PAS IRRIGATION
2026-04-19,06:33:10,56.0,24.0,35.0,25,SOL HUMIDE - PAS IRRIGATION,OFF,OFF,PAS IRRIGATION,PAS IRRIGATION
2026-04-19,06:33:12,56.0,24.0,35.0,25,SOL HUMIDE - PAS IRRIGATION,OFF,OFF,PAS IRRIGATION,PAS IRRIGATION
2026-04-19,06:33:13,56.0,24.0,35.0,25,SOL HUMIDE - PAS IRRIGATION,OFF,OFF,PAS IRRIGATION,PAS IRRIGATION
2026-04-19,06:33:14,56.0,24.0,35.0,25,SOL HUMIDE - PAS IRRIGATION,OFF,OFF,PAS IRRIGATION,PAS IRRIGATION
2026-04-19,06:33:16,56.0,24.0,35.0,25,SOL HUMIDE - PAS IRRIGATION,OFF,OFF,PAS IRRIGATION,PAS IRRIGATION
2026-04-19,06:33:17,56.0,24.0,35.0,25,SOL HUMIDE - PAS IRRIGATION,OFF,OFF,PAS IRRIGATION,PAS IRRIGATION
2026-04-19,06:33:18,56.0,24.0,35.0,25,SOL HUMIDE - PAS IRRIGATION,OFF,OFF,PAS IRRIGATION,PAS IRRIGATION
2026-04-19,06:33:19,56.0,24.0,35.0,25,SOL HUMIDE - PAS IRRIGATION,OFF,OFF,PAS IRRIGATION,PAS IRRIGATION
2026-04-19,06:33:21,56.0,24.0,35.0,25,SOL HUMIDE - PAS IRRIGATION,OFF,OFF,PAS IRRIGATION,PAS IRRIGATION
2026-04-19,06:33:22,56.0,24.0,35.0,25,SOL HUMIDE - PAS IRRIGATION,OFF,OFF,PAS IRRIGATION,PAS IRRIGATION
2026-04-19,06:33:23,56.0,24.0,35.0,25,SOL HUMIDE - PAS IRRIGATION,OFF,OFF,PAS IRRIGATION,PAS IRRIGATION
2026-04-19,06:33:25,56.0,24.0,35.0,25,SOL HUMIDE - PAS IRRIGATION,OFF,OFF,PAS IRRIGATION,PAS IRRIGATION
2026-04-19,06:33:26,56.0,24.0,35.0,25,SOL HUMIDE - PAS IRRIGATION,OFF,OFF,PAS IRRIGATION,PAS IRRIGATION
2026-04-19,06:33:27,56.0,24.0,35.0,25,SOL HUMIDE - PAS IRRIGATION,OFF,OFF,PAS IRRIGATION,PAS IRRIGATION
2026-04-19,06:33:28,56.0,24.0,35.0,25,SOL HUMIDE - PAS IRRIGATION,OFF,OFF,PAS IRRIGATION,PAS IRRIGATION
2026-04-19,06:33:30,56.0,24.0,35.0,25,SOL HUMIDE - PAS IRRIGATION,OFF,OFF,PAS IRRIGATION,PAS IRRIGATION
2026-04-19,06:33:31,56.0,24.0,35.0,25,SOL HUMIDE - PAS IRRIGATION,OFF,OFF,PAS IRRIGATION,PAS IRRIGATION
2026-04-19,06:33:32,56.0,24.0,35.0,25,SOL HUMIDE - PAS IRRIGATION,OFF,OFF,PAS IRRIGATION,PAS IRRIGATION
2026-04-19,06:33:34,56.0,24.0,35.0,25,SOL HUMIDE - PAS IRRIGATION,OFF,OFF,PAS IRRIGATION,PAS IRRIGATION
2026-04-19,06:33:35,56.0,24.0,35.0,25,SOL HUMIDE - PAS IRRIGATION,OFF,OFF,PAS IRRIGATION,PAS IRRIGATION
2026-04-19,06:33:36,56.0,24.0,35.0,25,SOL HUMIDE - PAS IRRIGATION,OFF,OFF,PAS IRRIGATION,PAS IRRIGATION
2026-04-19,06:33:38,56.0,24.0,35.0,25,SOL HUMIDE - PAS IRRIGATION,OFF,OFF,PAS IRRIGATION,PAS IRRIGATION
2026-04-19,06:33:39,56.0,24.0,35.0,25,SOL HUMIDE - PAS IRRIGATION,OFF,OFF,PAS IRRIGATION,PAS IRRIGATION
2026-04-19,06:33:40,56.0,24.0,35.0,25,SOL HUMIDE - PAS IRRIGATION,OFF,OFF,PAS IRRIGATION,PAS IRRIGATION
2026-04-19,06:33:41,56.0,24.0,35.0,25,SOL HUMIDE - PAS IRRIGATION,OFF,OFF,PAS IRRIGATION,PAS IRRIGATION
2026-04-19,06:33:43,56.0,24.0,35.0,25,SOL HUMIDE - PAS IRRIGATION,OFF,OFF,PAS IRRIGATION,PAS IRRIGATION
2026-04-19,06:33:44,56.0,24.0,35.0,25,SOL HUMIDE - PAS IRRIGATION,OFF,OFF,PAS IRRIGATION,PAS IRRIGATION
2026-04-19,06:33:45,56.0,24.0,35.0,25,SOL HUMIDE - PAS IRRIGATION,OFF,OFF,PAS IRRIGATION,PAS IRRIGATION
2026-04-19,06:33:47,56.0,24.0,35.0,25,SOL HUMIDE - PAS IRRIGATION,OFF,OFF,PAS IRRIGATION,PAS IRRIGATION
2026-04-19,06:33:48,56.0,24.0,35.0,25,SOL HUMIDE - PAS IRRIGATION,OFF,OFF,PAS IRRIGATION,PAS IRRIGATION
2026-04-19,06:33:49,56.0,24.0,35.0,25,SOL HUMIDE - PAS IRRIGATION,OFF,OFF,PAS IRRIGATION,PAS IRRIGATION
2026-04-19,06:33:50,56.0,24.0,35.0,25,SOL HUMIDE - PAS IRRIGATION,OFF,OFF,PAS IRRIGATION,PAS IRRIGATION
2026-04-19,06:33:52,56.0,24.0,35.0,25,SOL HUMIDE - PAS IRRIGATION,OFF,OFF,PAS IRRIGATION,PAS IRRIGATION
2026-04-19,06:33:53,56.0,24.0,35.0,25,SOL HUMIDE - PAS IRRIGATION,OFF,OFF,PAS IRRIGATION,PAS IRRIGATION
2026-04-19,06:33:54,56.0,24.0,35.0,25,SOL HUMIDE - PAS IRRIGATION,OFF,OFF,PAS IRRIGATION,PAS IRRIGATION
2026-04-19,06:33:56,56.0,24.0,35.0,25,SOL HUMIDE - PAS IRRIGATION,OFF,OFF,PAS IRRIGATION,PAS IRRIGATION
2026-04-19,06:33:57,56.0,24.0,35.0,25,SOL HUMIDE - PAS IRRIGATION,OFF,OFF,PAS IRRIGATION,PAS IRRIGATION
2026-04-19,06:33:58,56.0,24.0,35.0,25,SOL HUMIDE - PAS IRRIGATION,OFF,OFF,PAS IRRIGATION,PAS IRRIGATION
2026-04-19,06:33:59,56.0,24.0,35.0,25,SOL HUMIDE - PAS IRRIGATION,OFF,OFF,PAS IRRIGATION,PAS IRRIGATION
